Time period,Source,Sink,Flow,TransCap
1.0,1.0,1.0,0.0,0.0
1.0,1.0,2.0,-16.115784938118495,300.0
1.0,1.0,3.0,-576.325660198794,990.0
1.0,1.0,4.0,0.0,0.0
1.0,1.0,5.0,0.0,0.0
1.0,1.0,6.0,0.0,0.0
1.0,1.0,7.0,0.0,0.0
1.0,1.0,8.0,0.0,0.0
1.0,1.0,9.0,0.0,0.0
1.0,1.0,10.0,188.9885571774428,1200.0
1.0,2.0,1.0,16.115784938118495,300.0
1.0,2.0,2.0,0.0,0.0
1.0,2.0,3.0,-560.2098752606755,800.0
1.0,2.0,4.0,7.581119927140662,1195.0
1.0,2.0,5.0,0.0,0.0
1.0,2.0,6.0,-311.2075276201449,1100.0
1.0,2.0,7.0,0.0,0.0
1.0,2.0,8.0,0.0,0.0
1.0,2.0,9.0,0.0,0.0
1.0,2.0,10.0,205.10434211556128,1200.0
1.0,3.0,1.0,576.325660198794,990.0
1.0,3.0,2.0,560.2098752606755,800.0
1.0,3.0,3.0,0.0,0.0
1.0,3.0,4.0,0.0,0.0
1.0,3.0,5.0,0.0,0.0
1.0,3.0,6.0,0.0,0.0
1.0,3.0,7.0,-230.9976523594694,1300.0
1.0,3.0,8.0,0.0,0.0
1.0,3.0,9.0,0.0,0.0
1.0,3.0,10.0,0.0,0.0
1.0,4.0,1.0,0.0,0.0
1.0,4.0,2.0,-7.581119927140662,1195.0
1.0,4.0,3.0,0.0,0.0
1.0,4.0,4.0,0.0,0.0
1.0,4.0,5.0,-262.69504212557376,753.0
1.0,4.0,6.0,-318.78864754728556,1500.0
1.0,4.0,7.0,0.0,0.0
1.0,4.0,8.0,0.0,0.0
1.0,4.0,9.0,0.0,0.0
1.0,4.0,10.0,0.0,0.0
1.0,5.0,1.0,0.0,0.0
1.0,5.0,2.0,0.0,0.0
1.0,5.0,3.0,0.0,0.0
1.0,5.0,4.0,262.69504212557376,753.0
1.0,5.0,5.0,0.0,0.0
1.0,5.0,6.0,-56.09360542171305,870.0
1.0,5.0,7.0,0.0,0.0
1.0,5.0,8.0,-48.85088821085651,740.0
1.0,5.0,9.0,293.6780272069959,450.0
1.0,5.0,10.0,0.0,0.0
1.0,6.0,1.0,0.0,0.0
1.0,6.0,2.0,311.2075276201449,1100.0
1.0,6.0,3.0,0.0,0.0
1.0,6.0,4.0,318.78864754728556,1500.0
1.0,6.0,5.0,56.09360542171305,870.0
1.0,6.0,6.0,0.0,0.0
1.0,6.0,7.0,-480.0,480.0
1.0,6.0,8.0,7.24271721085654,621.0
1.0,6.0,9.0,0.0,0.0
1.0,6.0,10.0,0.0,0.0
1.0,7.0,1.0,0.0,0.0
1.0,7.0,2.0,0.0,0.0
1.0,7.0,3.0,230.9976523594694,1300.0
1.0,7.0,4.0,0.0,0.0
1.0,7.0,5.0,0.0,0.0
1.0,7.0,6.0,480.0,480.0
1.0,7.0,7.0,0.0,0.0
1.0,7.0,8.0,0.0,0.0
1.0,7.0,9.0,0.0,0.0
1.0,7.0,10.0,0.0,0.0
1.0,8.0,1.0,0.0,0.0
1.0,8.0,2.0,0.0,0.0
1.0,8.0,3.0,0.0,0.0
1.0,8.0,4.0,0.0,0.0
1.0,8.0,5.0,48.85088821085651,740.0
1.0,8.0,6.0,-7.24271721085654,621.0
1.0,8.0,7.0,0.0,0.0
1.0,8.0,8.0,0.0,0.0
1.0,8.0,9.0,0.0,0.0
1.0,8.0,10.0,0.0,0.0
1.0,9.0,1.0,0.0,0.0
1.0,9.0,2.0,0.0,0.0
1.0,9.0,3.0,0.0,0.0
1.0,9.0,4.0,0.0,0.0
1.0,9.0,5.0,-293.6780272069959,450.0
1.0,9.0,6.0,0.0,0.0
1.0,9.0,7.0,0.0,0.0
1.0,9.0,8.0,0.0,0.0
1.0,9.0,9.0,0.0,0.0
1.0,9.0,10.0,166.54023710699596,1200.0
1.0,10.0,1.0,-188.9885571774428,1200.0
1.0,10.0,2.0,-205.10434211556128,1200.0
1.0,10.0,3.0,0.0,0.0
1.0,10.0,4.0,0.0,0.0
1.0,10.0,5.0,0.0,0.0
1.0,10.0,6.0,0.0,0.0
1.0,10.0,7.0,0.0,0.0
1.0,10.0,8.0,0.0,0.0
1.0,10.0,9.0,-166.54023710699596,1200.0
1.0,10.0,10.0,0.0,0.0
2.0,1.0,1.0,0.0,0.0
2.0,1.0,2.0,-35.911551433389555,300.0
2.0,1.0,3.0,-516.0307757166947,990.0
2.0,1.0,4.0,0.0,0.0
2.0,1.0,5.0,0.0,0.0
2.0,1.0,6.0,0.0,0.0
2.0,1.0,7.0,0.0,0.0
2.0,1.0,8.0,0.0,0.0
2.0,1.0,9.0,0.0,0.0
2.0,1.0,10.0,155.9423271500843,1200.0
2.0,2.0,1.0,35.911551433389555,300.0
2.0,2.0,2.0,0.0,0.0
2.0,2.0,3.0,-480.1192242833052,800.0
2.0,2.0,4.0,-9.462478920742,1195.0
2.0,2.0,5.0,0.0,0.0
2.0,2.0,6.0,-332.1837268128162,1100.0
2.0,2.0,7.0,0.0,0.0
2.0,2.0,8.0,0.0,0.0
2.0,2.0,9.0,0.0,0.0
2.0,2.0,10.0,191.85387858347386,1200.0
2.0,3.0,1.0,516.0307757166947,990.0
2.0,3.0,2.0,480.1192242833052,800.0
2.0,3.0,3.0,0.0,0.0
2.0,3.0,4.0,0.0,0.0
2.0,3.0,5.0,0.0,0.0
2.0,3.0,6.0,0.0,0.0
2.0,3.0,7.0,-332.06450252951095,1300.0
2.0,3.0,8.0,0.0,0.0
2.0,3.0,9.0,0.0,0.0
2.0,3.0,10.0,0.0,0.0
2.0,4.0,1.0,0.0,0.0
2.0,4.0,2.0,9.462478920742,1195.0
2.0,4.0,3.0,0.0,0.0
2.0,4.0,4.0,0.0,0.0
2.0,4.0,5.0,-231.2412310286678,753.0
2.0,4.0,6.0,-322.7212478920742,1500.0
2.0,4.0,7.0,0.0,0.0
2.0,4.0,8.0,0.0,0.0
2.0,4.0,9.0,0.0,0.0
2.0,4.0,10.0,0.0,0.0
2.0,5.0,1.0,0.0,0.0
2.0,5.0,2.0,0.0,0.0
2.0,5.0,3.0,0.0,0.0
2.0,5.0,4.0,231.2412310286678,753.0
2.0,5.0,5.0,0.0,0.0
2.0,5.0,6.0,-91.48001686340639,870.0
2.0,5.0,7.0,0.0,0.0
2.0,5.0,8.0,-91.86500843170325,740.0
2.0,5.0,9.0,260.6037942664418,450.0
2.0,5.0,10.0,0.0,0.0
2.0,6.0,1.0,0.0,0.0
2.0,6.0,2.0,332.1837268128162,1100.0
2.0,6.0,3.0,0.0,0.0
2.0,6.0,4.0,322.7212478920742,1500.0
2.0,6.0,5.0,91.48001686340639,870.0
2.0,6.0,6.0,0.0,0.0
2.0,6.0,7.0,-480.0,480.0
2.0,6.0,8.0,-0.38499156829675485,621.0
2.0,6.0,9.0,0.0,0.0
2.0,6.0,10.0,0.0,0.0
2.0,7.0,1.0,0.0,0.0
2.0,7.0,2.0,0.0,0.0
2.0,7.0,3.0,332.06450252951095,1300.0
2.0,7.0,4.0,0.0,0.0
2.0,7.0,5.0,0.0,0.0
2.0,7.0,6.0,480.0,480.0
2.0,7.0,7.0,0.0,0.0
2.0,7.0,8.0,0.0,0.0
2.0,7.0,9.0,0.0,0.0
2.0,7.0,10.0,0.0,0.0
2.0,8.0,1.0,0.0,0.0
2.0,8.0,2.0,0.0,0.0
2.0,8.0,3.0,0.0,0.0
2.0,8.0,4.0,0.0,0.0
2.0,8.0,5.0,91.86500843170325,740.0
2.0,8.0,6.0,0.38499156829675485,621.0
2.0,8.0,7.0,0.0,0.0
2.0,8.0,8.0,0.0,0.0
2.0,8.0,9.0,0.0,0.0
2.0,8.0,10.0,0.0,0.0
2.0,9.0,1.0,0.0,0.0
2.0,9.0,2.0,0.0,0.0
2.0,9.0,3.0,0.0,0.0
2.0,9.0,4.0,0.0,0.0
2.0,9.0,5.0,-260.6037942664418,450.0
2.0,9.0,6.0,0.0,0.0
2.0,9.0,7.0,0.0,0.0
2.0,9.0,8.0,0.0,0.0
2.0,9.0,9.0,0.0,0.0
2.0,9.0,10.0,171.95379426644183,1200.0
2.0,10.0,1.0,-155.9423271500843,1200.0
2.0,10.0,2.0,-191.85387858347386,1200.0
2.0,10.0,3.0,0.0,0.0
2.0,10.0,4.0,0.0,0.0
2.0,10.0,5.0,0.0,0.0
2.0,10.0,6.0,0.0,0.0
2.0,10.0,7.0,0.0,0.0
2.0,10.0,8.0,0.0,0.0
2.0,10.0,9.0,-171.95379426644183,1200.0
2.0,10.0,10.0,0.0,0.0
3.0,1.0,1.0,0.0,0.0
3.0,1.0,2.0,-50.55348530323679,300.0
3.0,1.0,3.0,-461.7470852269167,990.0
3.0,1.0,4.0,0.0,0.0
3.0,1.0,5.0,0.0,0.0
3.0,1.0,6.0,0.0,0.0
3.0,1.0,7.0,0.0,0.0
3.0,1.0,8.0,0.0,0.0
3.0,1.0,9.0,0.0,0.0
3.0,1.0,10.0,132.3005705301535,1200.0
3.0,2.0,1.0,50.55348530323679,300.0
3.0,2.0,2.0,0.0,0.0
3.0,2.0,3.0,-411.19359992367987,800.0
3.0,2.0,4.0,-35.604534246306315,1195.0
3.0,2.0,5.0,0.0,0.0
3.0,2.0,6.0,-356.60940696664085,1100.0
3.0,2.0,7.0,0.0,0.0
3.0,2.0,8.0,0.0,0.0
3.0,2.0,9.0,0.0,0.0
3.0,2.0,10.0,182.85405583339028,1200.0
3.0,3.0,1.0,461.7470852269167,990.0
3.0,3.0,2.0,411.19359992367987,800.0
3.0,3.0,3.0,0.0,0.0
3.0,3.0,4.0,0.0,0.0
3.0,3.0,5.0,0.0,0.0
3.0,3.0,6.0,0.0,0.0
3.0,3.0,7.0,-398.26290352148055,1300.0
3.0,3.0,8.0,0.0,0.0
3.0,3.0,9.0,0.0,0.0
3.0,3.0,10.0,0.0,0.0
3.0,4.0,1.0,0.0,0.0
3.0,4.0,2.0,35.604534246306315,1195.0
3.0,4.0,3.0,0.0,0.0
3.0,4.0,4.0,0.0,0.0
3.0,4.0,5.0,-237.09966152597178,753.0
3.0,4.0,6.0,-321.00487272033456,1500.0
3.0,4.0,7.0,0.0,0.0
3.0,4.0,8.0,0.0,0.0
3.0,4.0,9.0,0.0,0.0
3.0,4.0,10.0,0.0,0.0
3.0,5.0,1.0,0.0,0.0
3.0,5.0,2.0,0.0,0.0
3.0,5.0,3.0,0.0,0.0
3.0,5.0,4.0,237.09966152597178,753.0
3.0,5.0,5.0,0.0,0.0
3.0,5.0,6.0,-83.90521119436283,870.0
3.0,5.0,7.0,0.0,0.0
3.0,5.0,8.0,-100.57760559718145,740.0
3.0,5.0,9.0,262.6041258028341,450.0
3.0,5.0,10.0,0.0,0.0
3.0,6.0,1.0,0.0,0.0
3.0,6.0,2.0,356.60940696664085,1100.0
3.0,6.0,3.0,0.0,0.0
3.0,6.0,4.0,321.00487272033456,1500.0
3.0,6.0,5.0,83.90521119436283,870.0
3.0,6.0,6.0,0.0,0.0
3.0,6.0,7.0,-452.8470964785197,480.0
3.0,6.0,8.0,-16.672394402818554,621.0
3.0,6.0,9.0,0.0,0.0
3.0,6.0,10.0,0.0,0.0
3.0,7.0,1.0,0.0,0.0
3.0,7.0,2.0,0.0,0.0
3.0,7.0,3.0,398.26290352148055,1300.0
3.0,7.0,4.0,0.0,0.0
3.0,7.0,5.0,0.0,0.0
3.0,7.0,6.0,452.8470964785197,480.0
3.0,7.0,7.0,0.0,0.0
3.0,7.0,8.0,0.0,0.0
3.0,7.0,9.0,0.0,0.0
3.0,7.0,10.0,0.0,0.0
3.0,8.0,1.0,0.0,0.0
3.0,8.0,2.0,0.0,0.0
3.0,8.0,3.0,0.0,0.0
3.0,8.0,4.0,0.0,0.0
3.0,8.0,5.0,100.57760559718145,740.0
3.0,8.0,6.0,16.672394402818554,621.0
3.0,8.0,7.0,0.0,0.0
3.0,8.0,8.0,0.0,0.0
3.0,8.0,9.0,0.0,0.0
3.0,8.0,10.0,0.0,0.0
3.0,9.0,1.0,0.0,0.0
3.0,9.0,2.0,0.0,0.0
3.0,9.0,3.0,0.0,0.0
3.0,9.0,4.0,0.0,0.0
3.0,9.0,5.0,-262.6041258028341,450.0
3.0,9.0,6.0,0.0,0.0
3.0,9.0,7.0,0.0,0.0
3.0,9.0,8.0,0.0,0.0
3.0,9.0,9.0,0.0,0.0
3.0,9.0,10.0,192.95412580283414,1200.0
3.0,10.0,1.0,-132.3005705301535,1200.0
3.0,10.0,2.0,-182.85405583339028,1200.0
3.0,10.0,3.0,0.0,0.0
3.0,10.0,4.0,0.0,0.0
3.0,10.0,5.0,0.0,0.0
3.0,10.0,6.0,0.0,0.0
3.0,10.0,7.0,0.0,0.0
3.0,10.0,8.0,0.0,0.0
3.0,10.0,9.0,-192.95412580283414,1200.0
3.0,10.0,10.0,0.0,0.0
4.0,1.0,1.0,0.0,0.0
4.0,1.0,2.0,-30.52883170357257,300.0
4.0,1.0,3.0,-532.1652937163443,990.0
4.0,1.0,4.0,0.0,0.0
4.0,1.0,5.0,0.0,0.0
4.0,1.0,6.0,0.0,0.0
4.0,1.0,7.0,0.0,0.0
4.0,1.0,8.0,0.0,0.0
4.0,1.0,9.0,0.0,0.0
4.0,1.0,10.0,161.7375770199169,1200.0
4.0,2.0,1.0,30.52883170357257,300.0
4.0,2.0,2.0,0.0,0.0
4.0,2.0,3.0,-501.63646201277174,800.0
4.0,2.0,4.0,-0.5520779591858656,1195.0
4.0,2.0,5.0,0.0,0.0
4.0,2.0,6.0,-322.0415230551044,1100.0
4.0,2.0,7.0,0.0,0.0
4.0,2.0,8.0,0.0,0.0
4.0,2.0,9.0,0.0,0.0
4.0,2.0,10.0,192.26640872348946,1200.0
4.0,3.0,1.0,532.1652937163443,990.0
4.0,3.0,2.0,501.63646201277174,800.0
4.0,3.0,3.0,0.0,0.0
4.0,3.0,4.0,0.0,0.0
4.0,3.0,5.0,0.0,0.0
4.0,3.0,6.0,0.0,0.0
4.0,3.0,7.0,-300.4050610423327,1300.0
4.0,3.0,8.0,0.0,0.0
4.0,3.0,9.0,0.0,0.0
4.0,3.0,10.0,0.0,0.0
4.0,4.0,1.0,0.0,0.0
4.0,4.0,2.0,0.5520779591858656,1195.0
4.0,4.0,3.0,0.0,0.0
4.0,4.0,4.0,0.0,0.0
4.0,4.0,5.0,-230.37788696326731,753.0
4.0,4.0,6.0,-321.48944509591854,1500.0
4.0,4.0,7.0,0.0,0.0
4.0,4.0,8.0,0.0,0.0
4.0,4.0,9.0,0.0,0.0
4.0,4.0,10.0,0.0,0.0
4.0,5.0,1.0,0.0,0.0
4.0,5.0,2.0,0.0,0.0
4.0,5.0,3.0,0.0,0.0
4.0,5.0,4.0,230.37788696326731,753.0
4.0,5.0,5.0,0.0,0.0
4.0,5.0,6.0,-91.11155813265121,870.0
4.0,5.0,7.0,0.0,0.0
4.0,5.0,8.0,-87.80847561632578,740.0
4.0,5.0,9.0,258.8661374229714,450.0
4.0,5.0,10.0,0.0,0.0
4.0,6.0,1.0,0.0,0.0
4.0,6.0,2.0,322.0415230551044,1100.0
4.0,6.0,3.0,0.0,0.0
4.0,6.0,4.0,321.48944509591854,1500.0
4.0,6.0,5.0,91.11155813265121,870.0
4.0,6.0,6.0,0.0,0.0
4.0,6.0,7.0,-480.0,480.0
4.0,6.0,8.0,3.3030825163257873,621.0
4.0,6.0,9.0,0.0,0.0
4.0,6.0,10.0,0.0,0.0
4.0,7.0,1.0,0.0,0.0
4.0,7.0,2.0,0.0,0.0
4.0,7.0,3.0,300.4050610423327,1300.0
4.0,7.0,4.0,0.0,0.0
4.0,7.0,5.0,0.0,0.0
4.0,7.0,6.0,480.0,480.0
4.0,7.0,7.0,0.0,0.0
4.0,7.0,8.0,0.0,0.0
4.0,7.0,9.0,0.0,0.0
4.0,7.0,10.0,0.0,0.0
4.0,8.0,1.0,0.0,0.0
4.0,8.0,2.0,0.0,0.0
4.0,8.0,3.0,0.0,0.0
4.0,8.0,4.0,0.0,0.0
4.0,8.0,5.0,87.80847561632578,740.0
4.0,8.0,6.0,-3.3030825163257873,621.0
4.0,8.0,7.0,0.0,0.0
4.0,8.0,8.0,0.0,0.0
4.0,8.0,9.0,0.0,0.0
4.0,8.0,10.0,0.0,0.0
4.0,9.0,1.0,0.0,0.0
4.0,9.0,2.0,0.0,0.0
4.0,9.0,3.0,0.0,0.0
4.0,9.0,4.0,0.0,0.0
4.0,9.0,5.0,-258.8661374229714,450.0
4.0,9.0,6.0,0.0,0.0
4.0,9.0,7.0,0.0,0.0
4.0,9.0,8.0,0.0,0.0
4.0,9.0,9.0,0.0,0.0
4.0,9.0,10.0,164.33023622297145,1200.0
4.0,10.0,1.0,-161.7375770199169,1200.0
4.0,10.0,2.0,-192.26640872348946,1200.0
4.0,10.0,3.0,0.0,0.0
4.0,10.0,4.0,0.0,0.0
4.0,10.0,5.0,0.0,0.0
4.0,10.0,6.0,0.0,0.0
4.0,10.0,7.0,0.0,0.0
4.0,10.0,8.0,0.0,0.0
4.0,10.0,9.0,-164.33023622297145,1200.0
4.0,10.0,10.0,0.0,0.0
5.0,1.0,1.0,0.0,0.0
5.0,1.0,2.0,-51.695971048852094,300.0
5.0,1.0,3.0,-430.4260053425249,990.0
5.0,1.0,4.0,0.0,0.0
5.0,1.0,5.0,0.0,0.0
5.0,1.0,6.0,0.0,0.0
5.0,1.0,7.0,0.0,0.0
5.0,1.0,8.0,0.0,0.0
5.0,1.0,9.0,0.0,0.0
5.0,1.0,10.0,119.72760989137699,1200.0
5.0,2.0,1.0,51.695971048852094,300.0
5.0,2.0,2.0,0.0,0.0
5.0,2.0,3.0,-378.7300342936728,800.0
5.0,2.0,4.0,-33.99784334799179,1195.0
5.0,2.0,5.0,0.0,0.0
5.0,2.0,6.0,-353.98322414741665,1100.0
5.0,2.0,7.0,0.0,0.0
5.0,2.0,8.0,0.0,0.0
5.0,2.0,9.0,0.0,0.0
5.0,2.0,10.0,171.42358094022907,1200.0
5.0,3.0,1.0,430.4260053425249,990.0
5.0,3.0,2.0,378.7300342936728,800.0
5.0,3.0,3.0,0.0,0.0
5.0,3.0,4.0,0.0,0.0
5.0,3.0,5.0,0.0,0.0
5.0,3.0,6.0,0.0,0.0
5.0,3.0,7.0,-417.7542356268719,1300.0
5.0,3.0,8.0,0.0,0.0
5.0,3.0,9.0,0.0,0.0
5.0,3.0,10.0,0.0,0.0
5.0,4.0,1.0,0.0,0.0
5.0,4.0,2.0,33.99784334799179,1195.0
5.0,4.0,3.0,0.0,0.0
5.0,4.0,4.0,0.0,0.0
5.0,4.0,5.0,-212.30471654856694,753.0
5.0,4.0,6.0,-319.9853807994249,1500.0
5.0,4.0,7.0,0.0,0.0
5.0,4.0,8.0,0.0,0.0
5.0,4.0,9.0,0.0,0.0
5.0,4.0,10.0,0.0,0.0
5.0,5.0,1.0,0.0,0.0
5.0,5.0,2.0,0.0,0.0
5.0,5.0,3.0,0.0,0.0
5.0,5.0,4.0,212.30471654856694,753.0
5.0,5.0,5.0,0.0,0.0
5.0,5.0,6.0,-107.68066425085789,870.0
5.0,5.0,7.0,0.0,0.0
5.0,5.0,8.0,-126.2197332754289,740.0
5.0,5.0,9.0,233.2347255683939,450.0
5.0,5.0,10.0,0.0,0.0
5.0,6.0,1.0,0.0,0.0
5.0,6.0,2.0,353.98322414741665,1100.0
5.0,6.0,3.0,0.0,0.0
5.0,6.0,4.0,319.9853807994249,1500.0
5.0,6.0,5.0,107.68066425085789,870.0
5.0,6.0,6.0,0.0,0.0
5.0,6.0,7.0,-442.5010457731284,480.0
5.0,6.0,8.0,-18.539069024571063,621.0
5.0,6.0,9.0,0.0,0.0
5.0,6.0,10.0,0.0,0.0
5.0,7.0,1.0,0.0,0.0
5.0,7.0,2.0,0.0,0.0
5.0,7.0,3.0,417.7542356268719,1300.0
5.0,7.0,4.0,0.0,0.0
5.0,7.0,5.0,0.0,0.0
5.0,7.0,6.0,442.5010457731284,480.0
5.0,7.0,7.0,0.0,0.0
5.0,7.0,8.0,0.0,0.0
5.0,7.0,9.0,0.0,0.0
5.0,7.0,10.0,0.0,0.0
5.0,8.0,1.0,0.0,0.0
5.0,8.0,2.0,0.0,0.0
5.0,8.0,3.0,0.0,0.0
5.0,8.0,4.0,0.0,0.0
5.0,8.0,5.0,126.2197332754289,740.0
5.0,8.0,6.0,18.539069024571063,621.0
5.0,8.0,7.0,0.0,0.0
5.0,8.0,8.0,0.0,0.0
5.0,8.0,9.0,0.0,0.0
5.0,8.0,10.0,0.0,0.0
5.0,9.0,1.0,0.0,0.0
5.0,9.0,2.0,0.0,0.0
5.0,9.0,3.0,0.0,0.0
5.0,9.0,4.0,0.0,0.0
5.0,9.0,5.0,-233.2347255683939,450.0
5.0,9.0,6.0,0.0,0.0
5.0,9.0,7.0,0.0,0.0
5.0,9.0,8.0,0.0,0.0
5.0,9.0,9.0,0.0,0.0
5.0,9.0,10.0,184.49141526839395,1200.0
5.0,10.0,1.0,-119.72760989137699,1200.0
5.0,10.0,2.0,-171.42358094022907,1200.0
5.0,10.0,3.0,0.0,0.0
5.0,10.0,4.0,0.0,0.0
5.0,10.0,5.0,0.0,0.0
5.0,10.0,6.0,0.0,0.0
5.0,10.0,7.0,0.0,0.0
5.0,10.0,8.0,0.0,0.0
5.0,10.0,9.0,-184.49141526839395,1200.0
5.0,10.0,10.0,0.0,0.0
6.0,1.0,1.0,0.0,0.0
6.0,1.0,2.0,-55.1014628369111,300.0
6.0,1.0,3.0,-407.6896744750637,990.0
6.0,1.0,4.0,0.0,0.0
6.0,1.0,5.0,0.0,0.0
6.0,1.0,6.0,0.0,0.0
6.0,1.0,7.0,0.0,0.0
6.0,1.0,8.0,0.0,0.0
6.0,1.0,9.0,0.0,0.0
6.0,1.0,10.0,126.48047445287602,1200.0
6.0,2.0,1.0,55.1014628369111,300.0
6.0,2.0,2.0,0.0,0.0
6.0,2.0,3.0,-352.58821163815264,800.0
6.0,2.0,4.0,-29.266008715265897,1195.0
6.0,2.0,5.0,0.0,0.0
6.0,2.0,6.0,-351.49621397327974,1100.0
6.0,2.0,7.0,0.0,0.0
6.0,2.0,8.0,0.0,0.0
6.0,2.0,9.0,0.0,0.0
6.0,2.0,10.0,181.5819372897871,1200.0
6.0,3.0,1.0,407.6896744750637,990.0
6.0,3.0,2.0,352.58821163815264,800.0
6.0,3.0,3.0,0.0,0.0
6.0,3.0,4.0,0.0,0.0
6.0,3.0,5.0,0.0,0.0
6.0,3.0,6.0,0.0,0.0
6.0,3.0,7.0,-444.24555301756396,1300.0
6.0,3.0,8.0,0.0,0.0
6.0,3.0,9.0,0.0,0.0
6.0,3.0,10.0,0.0,0.0
6.0,4.0,1.0,0.0,0.0
6.0,4.0,2.0,29.266008715265897,1195.0
6.0,4.0,3.0,0.0,0.0
6.0,4.0,4.0,0.0,0.0
6.0,4.0,5.0,-162.31391805725207,753.0
6.0,4.0,6.0,-322.2302052580138,1500.0
6.0,4.0,7.0,0.0,0.0
6.0,4.0,8.0,0.0,0.0
6.0,4.0,9.0,0.0,0.0
6.0,4.0,10.0,0.0,0.0
6.0,5.0,1.0,0.0,0.0
6.0,5.0,2.0,0.0,0.0
6.0,5.0,3.0,0.0,0.0
6.0,5.0,4.0,162.31391805725207,753.0
6.0,5.0,5.0,0.0,0.0
6.0,5.0,6.0,-159.91628720076176,870.0
6.0,5.0,7.0,0.0,0.0
6.0,5.0,8.0,-176.7773966503809,740.0
6.0,5.0,9.0,192.37829973115225,450.0
6.0,5.0,10.0,0.0,0.0
6.0,6.0,1.0,0.0,0.0
6.0,6.0,2.0,351.49621397327974,1100.0
6.0,6.0,3.0,0.0,0.0
6.0,6.0,4.0,322.2302052580138,1500.0
6.0,6.0,5.0,159.91628720076176,870.0
6.0,6.0,6.0,0.0,0.0
6.0,6.0,7.0,-445.3375506824363,480.0
6.0,6.0,8.0,-16.861109449619075,621.0
6.0,6.0,9.0,0.0,0.0
6.0,6.0,10.0,0.0,0.0
6.0,7.0,1.0,0.0,0.0
6.0,7.0,2.0,0.0,0.0
6.0,7.0,3.0,444.24555301756396,1300.0
6.0,7.0,4.0,0.0,0.0
6.0,7.0,5.0,0.0,0.0
6.0,7.0,6.0,445.3375506824363,480.0
6.0,7.0,7.0,0.0,0.0
6.0,7.0,8.0,0.0,0.0
6.0,7.0,9.0,0.0,0.0
6.0,7.0,10.0,0.0,0.0
6.0,8.0,1.0,0.0,0.0
6.0,8.0,2.0,0.0,0.0
6.0,8.0,3.0,0.0,0.0
6.0,8.0,4.0,0.0,0.0
6.0,8.0,5.0,176.7773966503809,740.0
6.0,8.0,6.0,16.861109449619075,621.0
6.0,8.0,7.0,0.0,0.0
6.0,8.0,8.0,0.0,0.0
6.0,8.0,9.0,0.0,0.0
6.0,8.0,10.0,0.0,0.0
6.0,9.0,1.0,0.0,0.0
6.0,9.0,2.0,0.0,0.0
6.0,9.0,3.0,0.0,0.0
6.0,9.0,4.0,0.0,0.0
6.0,9.0,5.0,-192.37829973115225,450.0
6.0,9.0,6.0,0.0,0.0
6.0,9.0,7.0,0.0,0.0
6.0,9.0,8.0,0.0,0.0
6.0,9.0,9.0,0.0,0.0
6.0,9.0,10.0,180.78356433115226,1200.0
6.0,10.0,1.0,-126.48047445287602,1200.0
6.0,10.0,2.0,-181.5819372897871,1200.0
6.0,10.0,3.0,0.0,0.0
6.0,10.0,4.0,0.0,0.0
6.0,10.0,5.0,0.0,0.0
6.0,10.0,6.0,0.0,0.0
6.0,10.0,7.0,0.0,0.0
6.0,10.0,8.0,0.0,0.0
6.0,10.0,9.0,-180.78356433115226,1200.0
6.0,10.0,10.0,0.0,0.0
7.0,1.0,1.0,0.0,0.0
7.0,1.0,2.0,-49.257947659587295,300.0
7.0,1.0,3.0,-463.54954493319497,990.0
7.0,1.0,4.0,0.0,0.0
7.0,1.0,5.0,0.0,0.0
7.0,1.0,6.0,0.0,0.0
7.0,1.0,7.0,0.0,0.0
7.0,1.0,8.0,0.0,0.0
7.0,1.0,9.0,0.0,0.0
7.0,1.0,10.0,130.98417659278226,1200.0
7.0,2.0,1.0,49.257947659587295,300.0
7.0,2.0,2.0,0.0,0.0
7.0,2.0,3.0,-414.2915972736077,800.0
7.0,2.0,4.0,-33.79769208855609,1195.0
7.0,2.0,5.0,0.0,0.0
7.0,2.0,6.0,-354.1457565497931,1100.0
7.0,2.0,7.0,0.0,0.0
7.0,2.0,8.0,0.0,0.0
7.0,2.0,9.0,0.0,0.0
7.0,2.0,10.0,180.24212425236956,1200.0
7.0,3.0,1.0,463.54954493319497,990.0
7.0,3.0,2.0,414.2915972736077,800.0
7.0,3.0,3.0,0.0,0.0
7.0,3.0,4.0,0.0,0.0
7.0,3.0,5.0,0.0,0.0
7.0,3.0,6.0,0.0,0.0
7.0,3.0,7.0,-390.94740028809315,1300.0
7.0,3.0,8.0,0.0,0.0
7.0,3.0,9.0,0.0,0.0
7.0,3.0,10.0,0.0,0.0
7.0,4.0,1.0,0.0,0.0
7.0,4.0,2.0,33.79769208855609,1195.0
7.0,4.0,3.0,0.0,0.0
7.0,4.0,4.0,0.0,0.0
7.0,4.0,5.0,-238.45668712731907,753.0
7.0,4.0,6.0,-320.348064461237,1500.0
7.0,4.0,7.0,0.0,0.0
7.0,4.0,8.0,0.0,0.0
7.0,4.0,9.0,0.0,0.0
7.0,4.0,10.0,0.0,0.0
7.0,5.0,1.0,0.0,0.0
7.0,5.0,2.0,0.0,0.0
7.0,5.0,3.0,0.0,0.0
7.0,5.0,4.0,238.45668712731907,753.0
7.0,5.0,5.0,0.0,0.0
7.0,5.0,6.0,-81.89137733391797,870.0
7.0,5.0,7.0,0.0,0.0
7.0,5.0,8.0,-98.14622306695901,740.0
7.0,5.0,9.0,262.15584558412235,450.0
7.0,5.0,10.0,0.0,0.0
7.0,6.0,1.0,0.0,0.0
7.0,6.0,2.0,354.1457565497931,1100.0
7.0,6.0,3.0,0.0,0.0
7.0,6.0,4.0,320.348064461237,1500.0
7.0,6.0,5.0,81.89137733391797,870.0
7.0,6.0,6.0,0.0,0.0
7.0,6.0,7.0,-451.09324101190714,480.0
7.0,6.0,8.0,-16.254845733040952,621.0
7.0,6.0,9.0,0.0,0.0
7.0,6.0,10.0,0.0,0.0
7.0,7.0,1.0,0.0,0.0
7.0,7.0,2.0,0.0,0.0
7.0,7.0,3.0,390.94740028809315,1300.0
7.0,7.0,4.0,0.0,0.0
7.0,7.0,5.0,0.0,0.0
7.0,7.0,6.0,451.09324101190714,480.0
7.0,7.0,7.0,0.0,0.0
7.0,7.0,8.0,0.0,0.0
7.0,7.0,9.0,0.0,0.0
7.0,7.0,10.0,0.0,0.0
7.0,8.0,1.0,0.0,0.0
7.0,8.0,2.0,0.0,0.0
7.0,8.0,3.0,0.0,0.0
7.0,8.0,4.0,0.0,0.0
7.0,8.0,5.0,98.14622306695901,740.0
7.0,8.0,6.0,16.254845733040952,621.0
7.0,8.0,7.0,0.0,0.0
7.0,8.0,8.0,0.0,0.0
7.0,8.0,9.0,0.0,0.0
7.0,8.0,10.0,0.0,0.0
7.0,9.0,1.0,0.0,0.0
7.0,9.0,2.0,0.0,0.0
7.0,9.0,3.0,0.0,0.0
7.0,9.0,4.0,0.0,0.0
7.0,9.0,5.0,-262.15584558412235,450.0
7.0,9.0,6.0,0.0,0.0
7.0,9.0,7.0,0.0,0.0
7.0,9.0,8.0,0.0,0.0
7.0,9.0,9.0,0.0,0.0
7.0,9.0,10.0,190.34065788412244,1200.0
7.0,10.0,1.0,-130.98417659278226,1200.0
7.0,10.0,2.0,-180.24212425236956,1200.0
7.0,10.0,3.0,0.0,0.0
7.0,10.0,4.0,0.0,0.0
7.0,10.0,5.0,0.0,0.0
7.0,10.0,6.0,0.0,0.0
7.0,10.0,7.0,0.0,0.0
7.0,10.0,8.0,0.0,0.0
7.0,10.0,9.0,-190.34065788412244,1200.0
7.0,10.0,10.0,0.0,0.0
8.0,1.0,1.0,0.0,0.0
8.0,1.0,2.0,-63.23188258667789,300.0
8.0,1.0,3.0,-561.503234743339,990.0
8.0,1.0,4.0,0.0,0.0
8.0,1.0,5.0,0.0,0.0
8.0,1.0,6.0,0.0,0.0
8.0,1.0,7.0,0.0,0.0
8.0,1.0,8.0,0.0,0.0
8.0,1.0,9.0,0.0,0.0
8.0,1.0,10.0,178.23216293001693,1200.0
8.0,2.0,1.0,63.23188258667789,300.0
8.0,2.0,2.0,0.0,0.0
8.0,2.0,3.0,-498.2713521566611,800.0
8.0,2.0,4.0,-141.3933741841483,1195.0
8.0,2.0,5.0,0.0,0.0
8.0,2.0,6.0,-334.7856334625633,1100.0
8.0,2.0,7.0,0.0,0.0
8.0,2.0,8.0,0.0,0.0
8.0,2.0,9.0,0.0,0.0
8.0,2.0,10.0,241.46404551669482,1200.0
8.0,3.0,1.0,561.503234743339,990.0
8.0,3.0,2.0,498.2713521566611,800.0
8.0,3.0,3.0,0.0,0.0
8.0,3.0,4.0,0.0,0.0
8.0,3.0,5.0,0.0,0.0
8.0,3.0,6.0,0.0,0.0
8.0,3.0,7.0,-316.514281305902,1300.0
8.0,3.0,8.0,0.0,0.0
8.0,3.0,9.0,0.0,0.0
8.0,3.0,10.0,0.0,0.0
8.0,4.0,1.0,0.0,0.0
8.0,4.0,2.0,141.3933741841483,1195.0
8.0,4.0,3.0,0.0,0.0
8.0,4.0,4.0,0.0,0.0
8.0,4.0,5.0,-98.44267720573362,753.0
8.0,4.0,6.0,-193.3922592784147,1500.0
8.0,4.0,7.0,0.0,0.0
8.0,4.0,8.0,0.0,0.0
8.0,4.0,9.0,0.0,0.0
8.0,4.0,10.0,0.0,0.0
8.0,5.0,1.0,0.0,0.0
8.0,5.0,2.0,0.0,0.0
8.0,5.0,3.0,0.0,0.0
8.0,5.0,4.0,98.44267720573362,753.0
8.0,5.0,5.0,0.0,0.0
8.0,5.0,6.0,-94.9495820726811,870.0
8.0,5.0,7.0,0.0,0.0
8.0,5.0,8.0,-54.14435788634091,740.0
8.0,5.0,9.0,314.96117765328836,450.0
8.0,5.0,10.0,0.0,0.0
8.0,6.0,1.0,0.0,0.0
8.0,6.0,2.0,334.7856334625633,1100.0
8.0,6.0,3.0,0.0,0.0
8.0,6.0,4.0,193.3922592784147,1500.0
8.0,6.0,5.0,94.9495820726811,870.0
8.0,6.0,6.0,0.0,0.0
8.0,6.0,7.0,-480.0,480.0
8.0,6.0,8.0,40.805224186340865,621.0
8.0,6.0,9.0,0.0,0.0
8.0,6.0,10.0,0.0,0.0
8.0,7.0,1.0,0.0,0.0
8.0,7.0,2.0,0.0,0.0
8.0,7.0,3.0,316.514281305902,1300.0
8.0,7.0,4.0,0.0,0.0
8.0,7.0,5.0,0.0,0.0
8.0,7.0,6.0,480.0,480.0
8.0,7.0,7.0,0.0,0.0
8.0,7.0,8.0,0.0,0.0
8.0,7.0,9.0,0.0,0.0
8.0,7.0,10.0,0.0,0.0
8.0,8.0,1.0,0.0,0.0
8.0,8.0,2.0,0.0,0.0
8.0,8.0,3.0,0.0,0.0
8.0,8.0,4.0,0.0,0.0
8.0,8.0,5.0,54.14435788634091,740.0
8.0,8.0,6.0,-40.805224186340865,621.0
8.0,8.0,7.0,0.0,0.0
8.0,8.0,8.0,0.0,0.0
8.0,8.0,9.0,0.0,0.0
8.0,8.0,10.0,0.0,0.0
8.0,9.0,1.0,0.0,0.0
8.0,9.0,2.0,0.0,0.0
8.0,9.0,3.0,0.0,0.0
8.0,9.0,4.0,0.0,0.0
8.0,9.0,5.0,-314.96117765328836,450.0
8.0,9.0,6.0,0.0,0.0
8.0,9.0,7.0,0.0,0.0
8.0,9.0,8.0,0.0,0.0
8.0,9.0,9.0,0.0,0.0
8.0,9.0,10.0,166.3389192532884,1200.0
8.0,10.0,1.0,-178.23216293001693,1200.0
8.0,10.0,2.0,-241.46404551669482,1200.0
8.0,10.0,3.0,0.0,0.0
8.0,10.0,4.0,0.0,0.0
8.0,10.0,5.0,0.0,0.0
8.0,10.0,6.0,0.0,0.0
8.0,10.0,7.0,0.0,0.0
8.0,10.0,8.0,0.0,0.0
8.0,10.0,9.0,-166.3389192532884,1200.0
8.0,10.0,10.0,0.0,0.0
9.0,1.0,1.0,0.0,0.0
9.0,1.0,2.0,-66.0863033625472,300.0
9.0,1.0,3.0,-533.4460900267674,990.0
9.0,1.0,4.0,0.0,0.0
9.0,1.0,5.0,0.0,0.0
9.0,1.0,6.0,0.0,0.0
9.0,1.0,7.0,0.0,0.0
9.0,1.0,8.0,0.0,0.0
9.0,1.0,9.0,0.0,0.0
9.0,1.0,10.0,164.80628978931455,1200.0
9.0,2.0,1.0,66.0863033625472,300.0
9.0,2.0,2.0,0.0,0.0
9.0,2.0,3.0,-467.35978666422017,800.0
9.0,2.0,4.0,-139.54726980399346,1195.0
9.0,2.0,5.0,0.0,0.0
9.0,2.0,6.0,-342.16099544619533,1100.0
9.0,2.0,7.0,0.0,0.0
9.0,2.0,8.0,0.0,0.0
9.0,2.0,9.0,0.0,0.0
9.0,2.0,10.0,230.89259315186175,1200.0
9.0,3.0,1.0,533.4460900267674,990.0
9.0,3.0,2.0,467.35978666422017,800.0
9.0,3.0,3.0,0.0,0.0
9.0,3.0,4.0,0.0,0.0
9.0,3.0,5.0,0.0,0.0
9.0,3.0,6.0,0.0,0.0
9.0,3.0,7.0,-333.62274329098767,1300.0
9.0,3.0,8.0,0.0,0.0
9.0,3.0,9.0,0.0,0.0
9.0,3.0,10.0,0.0,0.0
9.0,4.0,1.0,0.0,0.0
9.0,4.0,2.0,139.54726980399346,1195.0
9.0,4.0,3.0,0.0,0.0
9.0,4.0,4.0,0.0,0.0
9.0,4.0,5.0,-113.95564126179188,753.0
9.0,4.0,6.0,-202.61372564220198,1500.0
9.0,4.0,7.0,0.0,0.0
9.0,4.0,8.0,0.0,0.0
9.0,4.0,9.0,0.0,0.0
9.0,4.0,10.0,0.0,0.0
9.0,5.0,1.0,0.0,0.0
9.0,5.0,2.0,0.0,0.0
9.0,5.0,3.0,0.0,0.0
9.0,5.0,4.0,113.95564126179188,753.0
9.0,5.0,5.0,0.0,0.0
9.0,5.0,6.0,-88.65808438041017,870.0
9.0,5.0,7.0,0.0,0.0
9.0,5.0,8.0,-60.19927374020513,740.0
9.0,5.0,9.0,309.51637615882345,450.0
9.0,5.0,10.0,0.0,0.0
9.0,6.0,1.0,0.0,0.0
9.0,6.0,2.0,342.16099544619533,1100.0
9.0,6.0,3.0,0.0,0.0
9.0,6.0,4.0,202.61372564220198,1500.0
9.0,6.0,5.0,88.65808438041017,870.0
9.0,6.0,6.0,0.0,0.0
9.0,6.0,7.0,-458.82153450901257,480.0
9.0,6.0,8.0,28.45881064020507,621.0
9.0,6.0,9.0,0.0,0.0
9.0,6.0,10.0,0.0,0.0
9.0,7.0,1.0,0.0,0.0
9.0,7.0,2.0,0.0,0.0
9.0,7.0,3.0,333.62274329098767,1300.0
9.0,7.0,4.0,0.0,0.0
9.0,7.0,5.0,0.0,0.0
9.0,7.0,6.0,458.82153450901257,480.0
9.0,7.0,7.0,0.0,0.0
9.0,7.0,8.0,0.0,0.0
9.0,7.0,9.0,0.0,0.0
9.0,7.0,10.0,0.0,0.0
9.0,8.0,1.0,0.0,0.0
9.0,8.0,2.0,0.0,0.0
9.0,8.0,3.0,0.0,0.0
9.0,8.0,4.0,0.0,0.0
9.0,8.0,5.0,60.19927374020513,740.0
9.0,8.0,6.0,-28.45881064020507,621.0
9.0,8.0,7.0,0.0,0.0
9.0,8.0,8.0,0.0,0.0
9.0,8.0,9.0,0.0,0.0
9.0,8.0,10.0,0.0,0.0
9.0,9.0,1.0,0.0,0.0
9.0,9.0,2.0,0.0,0.0
9.0,9.0,3.0,0.0,0.0
9.0,9.0,4.0,0.0,0.0
9.0,9.0,5.0,-309.51637615882345,450.0
9.0,9.0,6.0,0.0,0.0
9.0,9.0,7.0,0.0,0.0
9.0,9.0,8.0,0.0,0.0
9.0,9.0,9.0,0.0,0.0
9.0,9.0,10.0,174.87912805882348,1200.0
9.0,10.0,1.0,-164.80628978931455,1200.0
9.0,10.0,2.0,-230.89259315186175,1200.0
9.0,10.0,3.0,0.0,0.0
9.0,10.0,4.0,0.0,0.0
9.0,10.0,5.0,0.0,0.0
9.0,10.0,6.0,0.0,0.0
9.0,10.0,7.0,0.0,0.0
9.0,10.0,8.0,0.0,0.0
9.0,10.0,9.0,-174.87912805882348,1200.0
9.0,10.0,10.0,0.0,0.0
10.0,1.0,1.0,0.0,0.0
10.0,1.0,2.0,-64.79727407827316,300.0
10.0,1.0,3.0,-534.191271893778,990.0
10.0,1.0,4.0,0.0,0.0
10.0,1.0,5.0,0.0,0.0
10.0,1.0,6.0,0.0,0.0
10.0,1.0,7.0,0.0,0.0
10.0,1.0,8.0,0.0,0.0
10.0,1.0,9.0,0.0,0.0
10.0,1.0,10.0,165.13346747205117,1200.0
10.0,2.0,1.0,64.79727407827316,300.0
10.0,2.0,2.0,0.0,0.0
10.0,2.0,3.0,-469.3939978155048,800.0
10.0,2.0,4.0,-134.19134935940775,1195.0
10.0,2.0,5.0,0.0,0.0
10.0,2.0,6.0,-341.92528625368504,1100.0
10.0,2.0,7.0,0.0,0.0
10.0,2.0,8.0,0.0,0.0
10.0,2.0,9.0,0.0,0.0
10.0,2.0,10.0,229.93074155032434,1200.0
10.0,3.0,1.0,534.191271893778,990.0
10.0,3.0,2.0,469.3939978155048,800.0
10.0,3.0,3.0,0.0,0.0
10.0,3.0,4.0,0.0,0.0
10.0,3.0,5.0,0.0,0.0
10.0,3.0,6.0,0.0,0.0
10.0,3.0,7.0,-335.4222330092828,1300.0
10.0,3.0,8.0,0.0,0.0
10.0,3.0,9.0,0.0,0.0
10.0,3.0,10.0,0.0,0.0
10.0,4.0,1.0,0.0,0.0
10.0,4.0,2.0,134.19134935940775,1195.0
10.0,4.0,3.0,0.0,0.0
10.0,4.0,4.0,0.0,0.0
10.0,4.0,5.0,-118.22197774551637,753.0
10.0,4.0,6.0,-207.7339368942769,1500.0
10.0,4.0,7.0,0.0,0.0
10.0,4.0,8.0,0.0,0.0
10.0,4.0,9.0,0.0,0.0
10.0,4.0,10.0,0.0,0.0
10.0,5.0,1.0,0.0,0.0
10.0,5.0,2.0,0.0,0.0
10.0,5.0,3.0,0.0,0.0
10.0,5.0,4.0,118.22197774551637,753.0
10.0,5.0,5.0,0.0,0.0
10.0,5.0,6.0,-89.51195914876052,870.0
10.0,5.0,7.0,0.0,0.0
10.0,5.0,8.0,-61.306699474380196,740.0
10.0,5.0,9.0,307.97348717762435,450.0
10.0,5.0,10.0,0.0,0.0
10.0,6.0,1.0,0.0,0.0
10.0,6.0,2.0,341.92528625368504,1100.0
10.0,6.0,3.0,0.0,0.0
10.0,6.0,4.0,207.7339368942769,1500.0
10.0,6.0,5.0,89.51195914876052,870.0
10.0,6.0,6.0,0.0,0.0
10.0,6.0,7.0,-462.8909445711027,480.0
10.0,6.0,8.0,28.20525967438022,621.0
10.0,6.0,9.0,0.0,0.0
10.0,6.0,10.0,0.0,0.0
10.0,7.0,1.0,0.0,0.0
10.0,7.0,2.0,0.0,0.0
10.0,7.0,3.0,335.4222330092828,1300.0
10.0,7.0,4.0,0.0,0.0
10.0,7.0,5.0,0.0,0.0
10.0,7.0,6.0,462.8909445711027,480.0
10.0,7.0,7.0,0.0,0.0
10.0,7.0,8.0,0.0,0.0
10.0,7.0,9.0,0.0,0.0
10.0,7.0,10.0,0.0,0.0
10.0,8.0,1.0,0.0,0.0
10.0,8.0,2.0,0.0,0.0
10.0,8.0,3.0,0.0,0.0
10.0,8.0,4.0,0.0,0.0
10.0,8.0,5.0,61.306699474380196,740.0
10.0,8.0,6.0,-28.20525967438022,621.0
10.0,8.0,7.0,0.0,0.0
10.0,8.0,8.0,0.0,0.0
10.0,8.0,9.0,0.0,0.0
10.0,8.0,10.0,0.0,0.0
10.0,9.0,1.0,0.0,0.0
10.0,9.0,2.0,0.0,0.0
10.0,9.0,3.0,0.0,0.0
10.0,9.0,4.0,0.0,0.0
10.0,9.0,5.0,-307.97348717762435,450.0
10.0,9.0,6.0,0.0,0.0
10.0,9.0,7.0,0.0,0.0
10.0,9.0,8.0,0.0,0.0
10.0,9.0,9.0,0.0,0.0
10.0,9.0,10.0,174.3705814776244,1200.0
10.0,10.0,1.0,-165.13346747205117,1200.0
10.0,10.0,2.0,-229.93074155032434,1200.0
10.0,10.0,3.0,0.0,0.0
10.0,10.0,4.0,0.0,0.0
10.0,10.0,5.0,0.0,0.0
10.0,10.0,6.0,0.0,0.0
10.0,10.0,7.0,0.0,0.0
10.0,10.0,8.0,0.0,0.0
10.0,10.0,9.0,-174.3705814776244,1200.0
10.0,10.0,10.0,0.0,0.0
11.0,1.0,1.0,0.0,0.0
11.0,1.0,2.0,-59.37890731821244,300.0
11.0,1.0,3.0,-574.3328765091062,990.0
11.0,1.0,4.0,0.0,0.0
11.0,1.0,5.0,0.0,0.0
11.0,1.0,6.0,0.0,0.0
11.0,1.0,7.0,0.0,0.0
11.0,1.0,8.0,0.0,0.0
11.0,1.0,9.0,0.0,0.0
11.0,1.0,10.0,184.38130762731868,1200.0
11.0,2.0,1.0,59.37890731821244,300.0
11.0,2.0,2.0,0.0,0.0
11.0,2.0,3.0,-514.9539691908938,800.0
11.0,2.0,4.0,-134.8201608204047,1195.0
11.0,2.0,5.0,0.0,0.0
11.0,2.0,6.0,-327.36070665244506,1100.0
11.0,2.0,7.0,0.0,0.0
11.0,2.0,8.0,0.0,0.0
11.0,2.0,9.0,0.0,0.0
11.0,2.0,10.0,243.76021494553112,1200.0
11.0,3.0,1.0,574.3328765091062,990.0
11.0,3.0,2.0,514.9539691908938,800.0
11.0,3.0,3.0,0.0,0.0
11.0,3.0,4.0,0.0,0.0
11.0,3.0,5.0,0.0,0.0
11.0,3.0,6.0,0.0,0.0
11.0,3.0,7.0,-292.40673746155096,1300.0
11.0,3.0,8.0,0.0,0.0
11.0,3.0,9.0,0.0,0.0
11.0,3.0,10.0,0.0,0.0
11.0,4.0,1.0,0.0,0.0
11.0,4.0,2.0,134.8201608204047,1195.0
11.0,4.0,3.0,0.0,0.0
11.0,4.0,4.0,0.0,0.0
11.0,4.0,5.0,-96.60901978836444,753.0
11.0,4.0,6.0,-192.54054583204027,1500.0
11.0,4.0,7.0,0.0,0.0
11.0,4.0,8.0,0.0,0.0
11.0,4.0,9.0,0.0,0.0
11.0,4.0,10.0,0.0,0.0
11.0,5.0,1.0,0.0,0.0
11.0,5.0,2.0,0.0,0.0
11.0,5.0,3.0,0.0,0.0
11.0,5.0,4.0,96.60901978836444,753.0
11.0,5.0,5.0,0.0,0.0
11.0,5.0,6.0,-95.93152604367606,870.0
11.0,5.0,7.0,0.0,0.0
11.0,5.0,8.0,-52.42632847183859,740.0
11.0,5.0,9.0,313.5846680271502,450.0
11.0,5.0,10.0,0.0,0.0
11.0,6.0,1.0,0.0,0.0
11.0,6.0,2.0,327.36070665244506,1100.0
11.0,6.0,3.0,0.0,0.0
11.0,6.0,4.0,192.54054583204027,1500.0
11.0,6.0,5.0,95.93152604367606,870.0
11.0,6.0,6.0,0.0,0.0
11.0,6.0,7.0,-480.0,480.0
11.0,6.0,8.0,43.50519757183861,621.0
11.0,6.0,9.0,0.0,0.0
11.0,6.0,10.0,0.0,0.0
11.0,7.0,1.0,0.0,0.0
11.0,7.0,2.0,0.0,0.0
11.0,7.0,3.0,292.40673746155096,1300.0
11.0,7.0,4.0,0.0,0.0
11.0,7.0,5.0,0.0,0.0
11.0,7.0,6.0,480.0,480.0
11.0,7.0,7.0,0.0,0.0
11.0,7.0,8.0,0.0,0.0
11.0,7.0,9.0,0.0,0.0
11.0,7.0,10.0,0.0,0.0
11.0,8.0,1.0,0.0,0.0
11.0,8.0,2.0,0.0,0.0
11.0,8.0,3.0,0.0,0.0
11.0,8.0,4.0,0.0,0.0
11.0,8.0,5.0,52.42632847183859,740.0
11.0,8.0,6.0,-43.50519757183861,621.0
11.0,8.0,7.0,0.0,0.0
11.0,8.0,8.0,0.0,0.0
11.0,8.0,9.0,0.0,0.0
11.0,8.0,10.0,0.0,0.0
11.0,9.0,1.0,0.0,0.0
11.0,9.0,2.0,0.0,0.0
11.0,9.0,3.0,0.0,0.0
11.0,9.0,4.0,0.0,0.0
11.0,9.0,5.0,-313.5846680271502,450.0
11.0,9.0,6.0,0.0,0.0
11.0,9.0,7.0,0.0,0.0
11.0,9.0,8.0,0.0,0.0
11.0,9.0,9.0,0.0,0.0
11.0,9.0,10.0,161.6047275271502,1200.0
11.0,10.0,1.0,-184.38130762731868,1200.0
11.0,10.0,2.0,-243.76021494553112,1200.0
11.0,10.0,3.0,0.0,0.0
11.0,10.0,4.0,0.0,0.0
11.0,10.0,5.0,0.0,0.0
11.0,10.0,6.0,0.0,0.0
11.0,10.0,7.0,0.0,0.0
11.0,10.0,8.0,0.0,0.0
11.0,10.0,9.0,-161.6047275271502,1200.0
11.0,10.0,10.0,0.0,0.0
12.0,1.0,1.0,0.0,0.0
12.0,1.0,2.0,-104.88283390229803,300.0
12.0,1.0,3.0,-543.8545108047772,990.0
12.0,1.0,4.0,0.0,0.0
12.0,1.0,5.0,0.0,0.0
12.0,1.0,6.0,0.0,0.0
12.0,1.0,7.0,0.0,0.0
12.0,1.0,8.0,0.0,0.0
12.0,1.0,9.0,0.0,0.0
12.0,1.0,10.0,170.37269770707528,1200.0
12.0,2.0,1.0,104.88283390229803,300.0
12.0,2.0,2.0,0.0,0.0
12.0,2.0,3.0,-438.97167690247915,800.0
12.0,2.0,4.0,-296.9251755718243,1195.0
12.0,2.0,5.0,0.0,0.0
12.0,2.0,6.0,-361.78848353736754,1100.0
12.0,2.0,7.0,0.0,0.0
12.0,2.0,8.0,0.0,0.0
12.0,2.0,9.0,0.0,0.0
12.0,2.0,10.0,275.2555316093733,1200.0
12.0,3.0,1.0,543.8545108047772,990.0
12.0,3.0,2.0,438.97167690247915,800.0
12.0,3.0,3.0,0.0,0.0
12.0,3.0,4.0,0.0,0.0
12.0,3.0,5.0,0.0,0.0
12.0,3.0,6.0,0.0,0.0
12.0,3.0,7.0,-364.7364156072564,1300.0
12.0,3.0,8.0,0.0,0.0
12.0,3.0,9.0,0.0,0.0
12.0,3.0,10.0,0.0,0.0
12.0,4.0,1.0,0.0,0.0
12.0,4.0,2.0,296.9251755718243,1195.0
12.0,4.0,3.0,0.0,0.0
12.0,4.0,4.0,0.0,0.0
12.0,4.0,5.0,21.271949114094454,753.0
12.0,4.0,6.0,-64.86330796554358,1500.0
12.0,4.0,7.0,0.0,0.0
12.0,4.0,8.0,0.0,0.0
12.0,4.0,9.0,0.0,0.0
12.0,4.0,10.0,0.0,0.0
12.0,5.0,1.0,0.0,0.0
12.0,5.0,2.0,0.0,0.0
12.0,5.0,3.0,0.0,0.0
12.0,5.0,4.0,-21.271949114094454,753.0
12.0,5.0,5.0,0.0,0.0
12.0,5.0,6.0,-86.135257079638,870.0
12.0,5.0,7.0,0.0,0.0
12.0,5.0,8.0,-24.845248089818895,740.0
12.0,5.0,9.0,368.68338818355136,450.0
12.0,5.0,10.0,0.0,0.0
12.0,6.0,1.0,0.0,0.0
12.0,6.0,2.0,361.78848353736754,1100.0
12.0,6.0,3.0,0.0,0.0
12.0,6.0,4.0,64.86330796554358,1500.0
12.0,6.0,5.0,86.135257079638,870.0
12.0,6.0,6.0,0.0,0.0
12.0,6.0,7.0,-441.91960897236805,480.0
12.0,6.0,8.0,61.2900089898189,621.0
12.0,6.0,9.0,0.0,0.0
12.0,6.0,10.0,0.0,0.0
12.0,7.0,1.0,0.0,0.0
12.0,7.0,2.0,0.0,0.0
12.0,7.0,3.0,364.7364156072564,1300.0
12.0,7.0,4.0,0.0,0.0
12.0,7.0,5.0,0.0,0.0
12.0,7.0,6.0,441.91960897236805,480.0
12.0,7.0,7.0,0.0,0.0
12.0,7.0,8.0,0.0,0.0
12.0,7.0,9.0,0.0,0.0
12.0,7.0,10.0,0.0,0.0
12.0,8.0,1.0,0.0,0.0
12.0,8.0,2.0,0.0,0.0
12.0,8.0,3.0,0.0,0.0
12.0,8.0,4.0,0.0,0.0
12.0,8.0,5.0,24.845248089818895,740.0
12.0,8.0,6.0,-61.2900089898189,621.0
12.0,8.0,7.0,0.0,0.0
12.0,8.0,8.0,0.0,0.0
12.0,8.0,9.0,0.0,0.0
12.0,8.0,10.0,0.0,0.0
12.0,9.0,1.0,0.0,0.0
12.0,9.0,2.0,0.0,0.0
12.0,9.0,3.0,0.0,0.0
12.0,9.0,4.0,0.0,0.0
12.0,9.0,5.0,-368.68338818355136,450.0
12.0,9.0,6.0,0.0,0.0
12.0,9.0,7.0,0.0,0.0
12.0,9.0,8.0,0.0,0.0
12.0,9.0,9.0,0.0,0.0
12.0,9.0,10.0,182.22536988355142,1200.0
12.0,10.0,1.0,-170.37269770707528,1200.0
12.0,10.0,2.0,-275.2555316093733,1200.0
12.0,10.0,3.0,0.0,0.0
12.0,10.0,4.0,0.0,0.0
12.0,10.0,5.0,0.0,0.0
12.0,10.0,6.0,0.0,0.0
12.0,10.0,7.0,0.0,0.0
12.0,10.0,8.0,0.0,0.0
12.0,10.0,9.0,-182.22536988355142,1200.0
12.0,10.0,10.0,0.0,0.0
13.0,1.0,1.0,0.0,0.0
13.0,1.0,2.0,-49.26853642145696,300.0
13.0,1.0,3.0,-569.0678996376824,990.0
13.0,1.0,4.0,0.0,0.0
13.0,1.0,5.0,0.0,0.0
13.0,1.0,6.0,0.0,0.0
13.0,1.0,7.0,0.0,0.0
13.0,1.0,8.0,0.0,0.0
13.0,1.0,9.0,0.0,0.0
13.0,1.0,10.0,204.83797468074889,1200.0
13.0,2.0,1.0,49.26853642145696,300.0
13.0,2.0,2.0,0.0,0.0
13.0,2.0,3.0,-519.7993632162255,800.0
13.0,2.0,4.0,-245.87585162258927,1195.0
13.0,2.0,5.0,0.0,0.0
13.0,2.0,6.0,-306.14311948484817,1100.0
13.0,2.0,7.0,0.0,0.0
13.0,2.0,8.0,0.0,0.0
13.0,2.0,9.0,0.0,0.0
13.0,2.0,10.0,254.10651110220584,1200.0
13.0,3.0,1.0,569.0678996376824,990.0
13.0,3.0,2.0,519.7993632162255,800.0
13.0,3.0,3.0,0.0,0.0
13.0,3.0,4.0,0.0,0.0
13.0,3.0,5.0,0.0,0.0
13.0,3.0,6.0,0.0,0.0
13.0,3.0,7.0,-266.34375626862294,1300.0
13.0,3.0,8.0,0.0,0.0
13.0,3.0,9.0,0.0,0.0
13.0,3.0,10.0,0.0,0.0
13.0,4.0,1.0,0.0,0.0
13.0,4.0,2.0,245.87585162258927,1195.0
13.0,4.0,3.0,0.0,0.0
13.0,4.0,4.0,0.0,0.0
13.0,4.0,5.0,36.98506993966964,753.0
13.0,4.0,6.0,-60.267267862258905,1500.0
13.0,4.0,7.0,0.0,0.0
13.0,4.0,8.0,0.0,0.0
13.0,4.0,9.0,0.0,0.0
13.0,4.0,10.0,0.0,0.0
13.0,5.0,1.0,0.0,0.0
13.0,5.0,2.0,0.0,0.0
13.0,5.0,3.0,0.0,0.0
13.0,5.0,4.0,-36.98506993966964,753.0
13.0,5.0,5.0,0.0,0.0
13.0,5.0,6.0,-97.25233780192858,870.0
13.0,5.0,7.0,0.0,0.0
13.0,5.0,8.0,-3.895290350964359,740.0
13.0,5.0,9.0,344.87411409256265,450.0
13.0,5.0,10.0,0.0,0.0
13.0,6.0,1.0,0.0,0.0
13.0,6.0,2.0,306.14311948484817,1100.0
13.0,6.0,3.0,0.0,0.0
13.0,6.0,4.0,60.267267862258905,1500.0
13.0,6.0,5.0,97.25233780192858,870.0
13.0,6.0,6.0,0.0,0.0
13.0,6.0,7.0,-480.0,480.0
13.0,6.0,8.0,93.35704745096436,621.0
13.0,6.0,9.0,0.0,0.0
13.0,6.0,10.0,0.0,0.0
13.0,7.0,1.0,0.0,0.0
13.0,7.0,2.0,0.0,0.0
13.0,7.0,3.0,266.34375626862294,1300.0
13.0,7.0,4.0,0.0,0.0
13.0,7.0,5.0,0.0,0.0
13.0,7.0,6.0,480.0,480.0
13.0,7.0,7.0,0.0,0.0
13.0,7.0,8.0,0.0,0.0
13.0,7.0,9.0,0.0,0.0
13.0,7.0,10.0,0.0,0.0
13.0,8.0,1.0,0.0,0.0
13.0,8.0,2.0,0.0,0.0
13.0,8.0,3.0,0.0,0.0
13.0,8.0,4.0,0.0,0.0
13.0,8.0,5.0,3.895290350964359,740.0
13.0,8.0,6.0,-93.35704745096436,621.0
13.0,8.0,7.0,0.0,0.0
13.0,8.0,8.0,0.0,0.0
13.0,8.0,9.0,0.0,0.0
13.0,8.0,10.0,0.0,0.0
13.0,9.0,1.0,0.0,0.0
13.0,9.0,2.0,0.0,0.0
13.0,9.0,3.0,0.0,0.0
13.0,9.0,4.0,0.0,0.0
13.0,9.0,5.0,-344.87411409256265,450.0
13.0,9.0,6.0,0.0,0.0
13.0,9.0,7.0,0.0,0.0
13.0,9.0,8.0,0.0,0.0
13.0,9.0,9.0,0.0,0.0
13.0,9.0,10.0,118.12317869256265,1200.0
13.0,10.0,1.0,-204.83797468074889,1200.0
13.0,10.0,2.0,-254.10651110220584,1200.0
13.0,10.0,3.0,0.0,0.0
13.0,10.0,4.0,0.0,0.0
13.0,10.0,5.0,0.0,0.0
13.0,10.0,6.0,0.0,0.0
13.0,10.0,7.0,0.0,0.0
13.0,10.0,8.0,0.0,0.0
13.0,10.0,9.0,-118.12317869256265,1200.0
13.0,10.0,10.0,0.0,0.0
14.0,1.0,1.0,0.0,0.0
14.0,1.0,2.0,-63.093467252436476,300.0
14.0,1.0,3.0,-712.6823153430087,990.0
14.0,1.0,4.0,0.0,0.0
14.0,1.0,5.0,0.0,0.0
14.0,1.0,6.0,0.0,0.0
14.0,1.0,7.0,0.0,0.0
14.0,1.0,8.0,0.0,0.0
14.0,1.0,9.0,0.0,0.0
14.0,1.0,10.0,235.38761959544507,1200.0
14.0,2.0,1.0,63.093467252436476,300.0
14.0,2.0,2.0,0.0,0.0
14.0,2.0,3.0,-649.5888480905722,800.0
14.0,2.0,4.0,-232.77125558559325,1195.0
14.0,2.0,5.0,0.0,0.0
14.0,2.0,6.0,-289.7966949241527,1100.0
14.0,2.0,7.0,0.0,0.0
14.0,2.0,8.0,0.0,0.0
14.0,2.0,9.0,0.0,0.0
14.0,2.0,10.0,298.48108684788156,1200.0
14.0,3.0,1.0,712.6823153430087,990.0
14.0,3.0,2.0,649.5888480905722,800.0
14.0,3.0,3.0,0.0,0.0
14.0,3.0,4.0,0.0,0.0
14.0,3.0,5.0,0.0,0.0
14.0,3.0,6.0,0.0,0.0
14.0,3.0,7.0,-120.20784683358062,1300.0
14.0,3.0,8.0,0.0,0.0
14.0,3.0,9.0,0.0,0.0
14.0,3.0,10.0,0.0,0.0
14.0,4.0,1.0,0.0,0.0
14.0,4.0,2.0,232.77125558559325,1195.0
14.0,4.0,3.0,0.0,0.0
14.0,4.0,4.0,0.0,0.0
14.0,4.0,5.0,8.220459652966184,753.0
14.0,4.0,6.0,-57.02543933855941,1500.0
14.0,4.0,7.0,0.0,0.0
14.0,4.0,8.0,0.0,0.0
14.0,4.0,9.0,0.0,0.0
14.0,4.0,10.0,0.0,0.0
14.0,5.0,1.0,0.0,0.0
14.0,5.0,2.0,0.0,0.0
14.0,5.0,3.0,0.0,0.0
14.0,5.0,4.0,-8.220459652966184,753.0
14.0,5.0,5.0,0.0,0.0
14.0,5.0,6.0,-65.24589899152534,870.0
14.0,5.0,7.0,0.0,0.0
14.0,5.0,8.0,34.055302854237425,740.0
14.0,5.0,9.0,391.57141319025413,450.0
14.0,5.0,10.0,0.0,0.0
14.0,6.0,1.0,0.0,0.0
14.0,6.0,2.0,289.7966949241527,1100.0
14.0,6.0,3.0,0.0,0.0
14.0,6.0,4.0,57.02543933855941,1500.0
14.0,6.0,5.0,65.24589899152534,870.0
14.0,6.0,6.0,0.0,0.0
14.0,6.0,7.0,-480.0,480.0
14.0,6.0,8.0,99.30120184576253,621.0
14.0,6.0,9.0,0.0,0.0
14.0,6.0,10.0,0.0,0.0
14.0,7.0,1.0,0.0,0.0
14.0,7.0,2.0,0.0,0.0
14.0,7.0,3.0,120.20784683358062,1300.0
14.0,7.0,4.0,0.0,0.0
14.0,7.0,5.0,0.0,0.0
14.0,7.0,6.0,480.0,480.0
14.0,7.0,7.0,0.0,0.0
14.0,7.0,8.0,0.0,0.0
14.0,7.0,9.0,0.0,0.0
14.0,7.0,10.0,0.0,0.0
14.0,8.0,1.0,0.0,0.0
14.0,8.0,2.0,0.0,0.0
14.0,8.0,3.0,0.0,0.0
14.0,8.0,4.0,0.0,0.0
14.0,8.0,5.0,-34.055302854237425,740.0
14.0,8.0,6.0,-99.30120184576253,621.0
14.0,8.0,7.0,0.0,0.0
14.0,8.0,8.0,0.0,0.0
14.0,8.0,9.0,0.0,0.0
14.0,8.0,10.0,0.0,0.0
14.0,9.0,1.0,0.0,0.0
14.0,9.0,2.0,0.0,0.0
14.0,9.0,3.0,0.0,0.0
14.0,9.0,4.0,0.0,0.0
14.0,9.0,5.0,-391.57141319025413,450.0
14.0,9.0,6.0,0.0,0.0
14.0,9.0,7.0,0.0,0.0
14.0,9.0,8.0,0.0,0.0
14.0,9.0,9.0,0.0,0.0
14.0,9.0,10.0,131.4604695902542,1200.0
14.0,10.0,1.0,-235.38761959544507,1200.0
14.0,10.0,2.0,-298.48108684788156,1200.0
14.0,10.0,3.0,0.0,0.0
14.0,10.0,4.0,0.0,0.0
14.0,10.0,5.0,0.0,0.0
14.0,10.0,6.0,0.0,0.0
14.0,10.0,7.0,0.0,0.0
14.0,10.0,8.0,0.0,0.0
14.0,10.0,9.0,-131.4604695902542,1200.0
14.0,10.0,10.0,0.0,0.0
15.0,1.0,1.0,0.0,0.0
15.0,1.0,2.0,-65.8919078475995,300.0
15.0,1.0,3.0,-706.3905999850734,990.0
15.0,1.0,4.0,0.0,0.0
15.0,1.0,5.0,0.0,0.0
15.0,1.0,6.0,0.0,0.0
15.0,1.0,7.0,0.0,0.0
15.0,1.0,8.0,0.0,0.0
15.0,1.0,9.0,0.0,0.0
15.0,1.0,10.0,233.24521883267292,1200.0
15.0,2.0,1.0,65.8919078475995,300.0
15.0,2.0,2.0,0.0,0.0
15.0,2.0,3.0,-640.4986921374739,800.0
15.0,2.0,4.0,-237.73575685733238,1195.0
15.0,2.0,5.0,0.0,0.0
15.0,2.0,6.0,-295.3505189330656,1100.0
15.0,2.0,7.0,0.0,0.0
15.0,2.0,8.0,0.0,0.0
15.0,2.0,9.0,0.0,0.0
15.0,2.0,10.0,299.13712668027244,1200.0
15.0,3.0,1.0,706.3905999850734,990.0
15.0,3.0,2.0,640.4986921374739,800.0
15.0,3.0,3.0,0.0,0.0
15.0,3.0,4.0,0.0,0.0
15.0,3.0,5.0,0.0,0.0
15.0,3.0,6.0,0.0,0.0
15.0,3.0,7.0,-134.8518267955916,1300.0
15.0,3.0,8.0,0.0,0.0
15.0,3.0,9.0,0.0,0.0
15.0,3.0,10.0,0.0,0.0
15.0,4.0,1.0,0.0,0.0
15.0,4.0,2.0,237.73575685733238,1195.0
15.0,4.0,3.0,0.0,0.0
15.0,4.0,4.0,0.0,0.0
15.0,4.0,5.0,5.702732918400784,753.0
15.0,4.0,6.0,-57.61476207573321,1500.0
15.0,4.0,7.0,0.0,0.0
15.0,4.0,8.0,0.0,0.0
15.0,4.0,9.0,0.0,0.0
15.0,4.0,10.0,0.0,0.0
15.0,5.0,1.0,0.0,0.0
15.0,5.0,2.0,0.0,0.0
15.0,5.0,3.0,0.0,0.0
15.0,5.0,4.0,-5.702732918400784,753.0
15.0,5.0,5.0,0.0,0.0
15.0,5.0,6.0,-63.31749499413406,870.0
15.0,5.0,7.0,0.0,0.0
15.0,5.0,8.0,33.964134502932836,740.0
15.0,5.0,9.0,394.83846560960205,450.0
15.0,5.0,10.0,0.0,0.0
15.0,6.0,1.0,0.0,0.0
15.0,6.0,2.0,295.3505189330656,1100.0
15.0,6.0,3.0,0.0,0.0
15.0,6.0,4.0,57.61476207573321,1500.0
15.0,6.0,5.0,63.31749499413406,870.0
15.0,6.0,6.0,0.0,0.0
15.0,6.0,7.0,-480.0,480.0
15.0,6.0,8.0,97.28162949706717,621.0
15.0,6.0,9.0,0.0,0.0
15.0,6.0,10.0,0.0,0.0
15.0,7.0,1.0,0.0,0.0
15.0,7.0,2.0,0.0,0.0
15.0,7.0,3.0,134.8518267955916,1300.0
15.0,7.0,4.0,0.0,0.0
15.0,7.0,5.0,0.0,0.0
15.0,7.0,6.0,480.0,480.0
15.0,7.0,7.0,0.0,0.0
15.0,7.0,8.0,0.0,0.0
15.0,7.0,9.0,0.0,0.0
15.0,7.0,10.0,0.0,0.0
15.0,8.0,1.0,0.0,0.0
15.0,8.0,2.0,0.0,0.0
15.0,8.0,3.0,0.0,0.0
15.0,8.0,4.0,0.0,0.0
15.0,8.0,5.0,-33.964134502932836,740.0
15.0,8.0,6.0,-97.28162949706717,621.0
15.0,8.0,7.0,0.0,0.0
15.0,8.0,8.0,0.0,0.0
15.0,8.0,9.0,0.0,0.0
15.0,8.0,10.0,0.0,0.0
15.0,9.0,1.0,0.0,0.0
15.0,9.0,2.0,0.0,0.0
15.0,9.0,3.0,0.0,0.0
15.0,9.0,4.0,0.0,0.0
15.0,9.0,5.0,-394.83846560960205,450.0
15.0,9.0,6.0,0.0,0.0
15.0,9.0,7.0,0.0,0.0
15.0,9.0,8.0,0.0,0.0
15.0,9.0,9.0,0.0,0.0
15.0,9.0,10.0,136.3316850096021,1200.0
15.0,10.0,1.0,-233.24521883267292,1200.0
15.0,10.0,2.0,-299.13712668027244,1200.0
15.0,10.0,3.0,0.0,0.0
15.0,10.0,4.0,0.0,0.0
15.0,10.0,5.0,0.0,0.0
15.0,10.0,6.0,0.0,0.0
15.0,10.0,7.0,0.0,0.0
15.0,10.0,8.0,0.0,0.0
15.0,10.0,9.0,-136.3316850096021,1200.0
15.0,10.0,10.0,0.0,0.0
16.0,1.0,1.0,0.0,0.0
16.0,1.0,2.0,-26.887420072923668,300.0
16.0,1.0,3.0,-563.3149271804738,990.0
16.0,1.0,4.0,0.0,0.0
16.0,1.0,5.0,0.0,0.0
16.0,1.0,6.0,0.0,0.0
16.0,1.0,7.0,0.0,0.0
16.0,1.0,8.0,0.0,0.0
16.0,1.0,9.0,0.0,0.0
16.0,1.0,10.0,225.64289599429875,1200.0
16.0,2.0,1.0,26.887420072923668,300.0
16.0,2.0,2.0,0.0,0.0
16.0,2.0,3.0,-536.4275071075502,800.0
16.0,2.0,4.0,-231.5280741250457,1195.0
16.0,2.0,5.0,0.0,0.0
16.0,2.0,6.0,-289.90237160755015,1100.0
16.0,2.0,7.0,0.0,0.0
16.0,2.0,8.0,0.0,0.0
16.0,2.0,9.0,0.0,0.0
16.0,2.0,10.0,252.53031606722243,1200.0
16.0,3.0,1.0,563.3149271804738,990.0
16.0,3.0,2.0,536.4275071075502,800.0
16.0,3.0,3.0,0.0,0.0
16.0,3.0,4.0,0.0,0.0
16.0,3.0,5.0,0.0,0.0
16.0,3.0,6.0,0.0,0.0
16.0,3.0,7.0,-233.47486449999997,1300.0
16.0,3.0,8.0,0.0,0.0
16.0,3.0,9.0,0.0,0.0
16.0,3.0,10.0,0.0,0.0
16.0,4.0,1.0,0.0,0.0
16.0,4.0,2.0,231.5280741250457,1195.0
16.0,4.0,3.0,0.0,0.0
16.0,4.0,4.0,0.0,0.0
16.0,4.0,5.0,40.276024657459004,753.0
16.0,4.0,6.0,-58.37429748250446,1500.0
16.0,4.0,7.0,0.0,0.0
16.0,4.0,8.0,0.0,0.0
16.0,4.0,9.0,0.0,0.0
16.0,4.0,10.0,0.0,0.0
16.0,5.0,1.0,0.0,0.0
16.0,5.0,2.0,0.0,0.0
16.0,5.0,3.0,0.0,0.0
16.0,5.0,4.0,-40.276024657459004,753.0
16.0,5.0,5.0,0.0,0.0
16.0,5.0,6.0,-98.65032213996346,870.0
16.0,5.0,7.0,0.0,0.0
16.0,5.0,8.0,0.6124518300180171,740.0
16.0,5.0,9.0,339.2237685674046,450.0
16.0,5.0,10.0,0.0,0.0
16.0,6.0,1.0,0.0,0.0
16.0,6.0,2.0,289.90237160755015,1100.0
16.0,6.0,3.0,0.0,0.0
16.0,6.0,4.0,58.37429748250446,1500.0
16.0,6.0,5.0,98.65032213996346,870.0
16.0,6.0,6.0,0.0,0.0
16.0,6.0,7.0,-480.0,480.0
16.0,6.0,8.0,99.26277396998194,621.0
16.0,6.0,9.0,0.0,0.0
16.0,6.0,10.0,0.0,0.0
16.0,7.0,1.0,0.0,0.0
16.0,7.0,2.0,0.0,0.0
16.0,7.0,3.0,233.47486449999997,1300.0
16.0,7.0,4.0,0.0,0.0
16.0,7.0,5.0,0.0,0.0
16.0,7.0,6.0,480.0,480.0
16.0,7.0,7.0,0.0,0.0
16.0,7.0,8.0,0.0,0.0
16.0,7.0,9.0,0.0,0.0
16.0,7.0,10.0,0.0,0.0
16.0,8.0,1.0,0.0,0.0
16.0,8.0,2.0,0.0,0.0
16.0,8.0,3.0,0.0,0.0
16.0,8.0,4.0,0.0,0.0
16.0,8.0,5.0,-0.6124518300180171,740.0
16.0,8.0,6.0,-99.26277396998194,621.0
16.0,8.0,7.0,0.0,0.0
16.0,8.0,8.0,0.0,0.0
16.0,8.0,9.0,0.0,0.0
16.0,8.0,10.0,0.0,0.0
16.0,9.0,1.0,0.0,0.0
16.0,9.0,2.0,0.0,0.0
16.0,9.0,3.0,0.0,0.0
16.0,9.0,4.0,0.0,0.0
16.0,9.0,5.0,-339.2237685674046,450.0
16.0,9.0,6.0,0.0,0.0
16.0,9.0,7.0,0.0,0.0
16.0,9.0,8.0,0.0,0.0
16.0,9.0,9.0,0.0,0.0
16.0,9.0,10.0,104.55859696740458,1200.0
16.0,10.0,1.0,-225.64289599429875,1200.0
16.0,10.0,2.0,-252.53031606722243,1200.0
16.0,10.0,3.0,0.0,0.0
16.0,10.0,4.0,0.0,0.0
16.0,10.0,5.0,0.0,0.0
16.0,10.0,6.0,0.0,0.0
16.0,10.0,7.0,0.0,0.0
16.0,10.0,8.0,0.0,0.0
16.0,10.0,9.0,-104.55859696740458,1200.0
16.0,10.0,10.0,0.0,0.0
17.0,1.0,1.0,0.0,0.0
17.0,1.0,2.0,-82.52610187639135,300.0
17.0,1.0,3.0,-633.7010509881953,990.0
17.0,1.0,4.0,0.0,0.0
17.0,1.0,5.0,0.0,0.0
17.0,1.0,6.0,0.0,0.0
17.0,1.0,7.0,0.0,0.0
17.0,1.0,8.0,0.0,0.0
17.0,1.0,9.0,0.0,0.0
17.0,1.0,10.0,213.33124866458658,1200.0
17.0,2.0,1.0,82.52610187639135,300.0
17.0,2.0,2.0,0.0,0.0
17.0,2.0,3.0,-551.1749491118039,800.0
17.0,2.0,4.0,-259.63164428836455,1195.0
17.0,2.0,5.0,0.0,0.0
17.0,2.0,6.0,-321.92071531720086,1100.0
17.0,2.0,7.0,0.0,0.0
17.0,2.0,8.0,0.0,0.0
17.0,2.0,9.0,0.0,0.0
17.0,2.0,10.0,295.8573505409779,1200.0
17.0,3.0,1.0,633.7010509881953,990.0
17.0,3.0,2.0,551.1749491118039,800.0
17.0,3.0,3.0,0.0,0.0
17.0,3.0,4.0,0.0,0.0
17.0,3.0,5.0,0.0,0.0
17.0,3.0,6.0,0.0,0.0
17.0,3.0,7.0,-250.74576620539693,1300.0
17.0,3.0,8.0,0.0,0.0
17.0,3.0,9.0,0.0,0.0
17.0,3.0,10.0,0.0,0.0
17.0,4.0,1.0,0.0,0.0
17.0,4.0,2.0,259.63164428836455,1195.0
17.0,4.0,3.0,0.0,0.0
17.0,4.0,4.0,0.0,0.0
17.0,4.0,5.0,38.17555844047229,753.0
17.0,4.0,6.0,-62.28907102883659,1500.0
17.0,4.0,7.0,0.0,0.0
17.0,4.0,8.0,0.0,0.0
17.0,4.0,9.0,0.0,0.0
17.0,4.0,10.0,0.0,0.0
17.0,5.0,1.0,0.0,0.0
17.0,5.0,2.0,0.0,0.0
17.0,5.0,3.0,0.0,0.0
17.0,5.0,4.0,-38.17555844047229,753.0
17.0,5.0,5.0,0.0,0.0
17.0,5.0,6.0,-100.46462946930887,870.0
17.0,5.0,7.0,0.0,0.0
17.0,5.0,8.0,-12.844889584654027,740.0
17.0,5.0,9.0,366.45116129443534,450.0
17.0,5.0,10.0,0.0,0.0
17.0,6.0,1.0,0.0,0.0
17.0,6.0,2.0,321.92071531720086,1100.0
17.0,6.0,3.0,0.0,0.0
17.0,6.0,4.0,62.28907102883659,1500.0
17.0,6.0,5.0,100.46462946930887,870.0
17.0,6.0,6.0,0.0,0.0
17.0,6.0,7.0,-480.0,480.0
17.0,6.0,8.0,87.61973988465394,621.0
17.0,6.0,9.0,0.0,0.0
17.0,6.0,10.0,0.0,0.0
17.0,7.0,1.0,0.0,0.0
17.0,7.0,2.0,0.0,0.0
17.0,7.0,3.0,250.74576620539693,1300.0
17.0,7.0,4.0,0.0,0.0
17.0,7.0,5.0,0.0,0.0
17.0,7.0,6.0,480.0,480.0
17.0,7.0,7.0,0.0,0.0
17.0,7.0,8.0,0.0,0.0
17.0,7.0,9.0,0.0,0.0
17.0,7.0,10.0,0.0,0.0
17.0,8.0,1.0,0.0,0.0
17.0,8.0,2.0,0.0,0.0
17.0,8.0,3.0,0.0,0.0
17.0,8.0,4.0,0.0,0.0
17.0,8.0,5.0,12.844889584654027,740.0
17.0,8.0,6.0,-87.61973988465394,621.0
17.0,8.0,7.0,0.0,0.0
17.0,8.0,8.0,0.0,0.0
17.0,8.0,9.0,0.0,0.0
17.0,8.0,10.0,0.0,0.0
17.0,9.0,1.0,0.0,0.0
17.0,9.0,2.0,0.0,0.0
17.0,9.0,3.0,0.0,0.0
17.0,9.0,4.0,0.0,0.0
17.0,9.0,5.0,-366.45116129443534,450.0
17.0,9.0,6.0,0.0,0.0
17.0,9.0,7.0,0.0,0.0
17.0,9.0,8.0,0.0,0.0
17.0,9.0,9.0,0.0,0.0
17.0,9.0,10.0,150.8622750944354,1200.0
17.0,10.0,1.0,-213.33124866458658,1200.0
17.0,10.0,2.0,-295.8573505409779,1200.0
17.0,10.0,3.0,0.0,0.0
17.0,10.0,4.0,0.0,0.0
17.0,10.0,5.0,0.0,0.0
17.0,10.0,6.0,0.0,0.0
17.0,10.0,7.0,0.0,0.0
17.0,10.0,8.0,0.0,0.0
17.0,10.0,9.0,-150.8622750944354,1200.0
17.0,10.0,10.0,0.0,0.0
18.0,1.0,1.0,0.0,0.0
18.0,1.0,2.0,-102.07501979378162,300.0
18.0,1.0,3.0,-567.3104507782597,990.0
18.0,1.0,4.0,0.0,0.0
18.0,1.0,5.0,0.0,0.0
18.0,1.0,6.0,0.0,0.0
18.0,1.0,7.0,0.0,0.0
18.0,1.0,8.0,0.0,0.0
18.0,1.0,9.0,0.0,0.0
18.0,1.0,10.0,181.7814607720414,1200.0
18.0,2.0,1.0,102.07501979378162,300.0
18.0,2.0,2.0,0.0,0.0
18.0,2.0,3.0,-465.23543098447806,800.0
18.0,2.0,4.0,-292.72612368339367,1195.0
18.0,2.0,5.0,0.0,0.0
18.0,2.0,6.0,-359.37596039173286,1100.0
18.0,2.0,7.0,0.0,0.0
18.0,2.0,8.0,0.0,0.0
18.0,2.0,9.0,0.0,0.0
18.0,2.0,10.0,283.85648056582306,1200.0
18.0,3.0,1.0,567.3104507782597,990.0
18.0,3.0,2.0,465.23543098447806,800.0
18.0,3.0,3.0,0.0,0.0
18.0,3.0,4.0,0.0,0.0
18.0,3.0,5.0,0.0,0.0
18.0,3.0,6.0,0.0,0.0
18.0,3.0,7.0,-374.14052940725486,1300.0
18.0,3.0,8.0,0.0,0.0
18.0,3.0,9.0,0.0,0.0
18.0,3.0,10.0,0.0,0.0
18.0,4.0,1.0,0.0,0.0
18.0,4.0,2.0,292.72612368339367,1195.0
18.0,4.0,3.0,0.0,0.0
18.0,4.0,4.0,0.0,0.0
18.0,4.0,5.0,30.468199524945703,753.0
18.0,4.0,6.0,-66.64983670833931,1500.0
18.0,4.0,7.0,0.0,0.0
18.0,4.0,8.0,0.0,0.0
18.0,4.0,9.0,0.0,0.0
18.0,4.0,10.0,0.0,0.0
18.0,5.0,1.0,0.0,0.0
18.0,5.0,2.0,0.0,0.0
18.0,5.0,3.0,0.0,0.0
18.0,5.0,4.0,-30.468199524945703,753.0
18.0,5.0,5.0,0.0,0.0
18.0,5.0,6.0,-97.11803623328478,870.0
18.0,5.0,7.0,0.0,0.0
18.0,5.0,8.0,-23.11838546664319,740.0
18.0,5.0,9.0,371.77208316213546,450.0
18.0,5.0,10.0,0.0,0.0
18.0,6.0,1.0,0.0,0.0
18.0,6.0,2.0,359.37596039173286,1100.0
18.0,6.0,3.0,0.0,0.0
18.0,6.0,4.0,66.64983670833931,1500.0
18.0,6.0,5.0,97.11803623328478,870.0
18.0,6.0,6.0,0.0,0.0
18.0,6.0,7.0,-480.0,480.0
18.0,6.0,8.0,73.99965076664307,621.0
18.0,6.0,9.0,0.0,0.0
18.0,6.0,10.0,0.0,0.0
18.0,7.0,1.0,0.0,0.0
18.0,7.0,2.0,0.0,0.0
18.0,7.0,3.0,374.14052940725486,1300.0
18.0,7.0,4.0,0.0,0.0
18.0,7.0,5.0,0.0,0.0
18.0,7.0,6.0,480.0,480.0
18.0,7.0,7.0,0.0,0.0
18.0,7.0,8.0,0.0,0.0
18.0,7.0,9.0,0.0,0.0
18.0,7.0,10.0,0.0,0.0
18.0,8.0,1.0,0.0,0.0
18.0,8.0,2.0,0.0,0.0
18.0,8.0,3.0,0.0,0.0
18.0,8.0,4.0,0.0,0.0
18.0,8.0,5.0,23.11838546664319,740.0
18.0,8.0,6.0,-73.99965076664307,621.0
18.0,8.0,7.0,0.0,0.0
18.0,8.0,8.0,0.0,0.0
18.0,8.0,9.0,0.0,0.0
18.0,8.0,10.0,0.0,0.0
18.0,9.0,1.0,0.0,0.0
18.0,9.0,2.0,0.0,0.0
18.0,9.0,3.0,0.0,0.0
18.0,9.0,4.0,0.0,0.0
18.0,9.0,5.0,-371.77208316213546,450.0
18.0,9.0,6.0,0.0,0.0
18.0,9.0,7.0,0.0,0.0
18.0,9.0,8.0,0.0,0.0
18.0,9.0,9.0,0.0,0.0
18.0,9.0,10.0,174.34232156213545,1200.0
18.0,10.0,1.0,-181.7814607720414,1200.0
18.0,10.0,2.0,-283.85648056582306,1200.0
18.0,10.0,3.0,0.0,0.0
18.0,10.0,4.0,0.0,0.0
18.0,10.0,5.0,0.0,0.0
18.0,10.0,6.0,0.0,0.0
18.0,10.0,7.0,0.0,0.0
18.0,10.0,8.0,0.0,0.0
18.0,10.0,9.0,-174.34232156213545,1200.0
18.0,10.0,10.0,0.0,0.0
19.0,1.0,1.0,0.0,0.0
19.0,1.0,2.0,-55.242613531952586,300.0
19.0,1.0,3.0,-590.2220695086971,990.0
19.0,1.0,4.0,0.0,0.0
19.0,1.0,5.0,0.0,0.0
19.0,1.0,6.0,0.0,0.0
19.0,1.0,7.0,0.0,0.0
19.0,1.0,8.0,0.0,0.0
19.0,1.0,9.0,0.0,0.0
19.0,1.0,10.0,173.23215754064975,1200.0
19.0,2.0,1.0,55.242613531952586,300.0
19.0,2.0,2.0,0.0,0.0
19.0,2.0,3.0,-534.9794559767446,800.0
19.0,2.0,4.0,-133.1441442656237,1195.0
19.0,2.0,5.0,0.0,0.0
19.0,2.0,6.0,-323.9425725621865,1100.0
19.0,2.0,7.0,0.0,0.0
19.0,2.0,8.0,0.0,0.0
19.0,2.0,9.0,0.0,0.0
19.0,2.0,10.0,228.47477107260232,1200.0
19.0,3.0,1.0,590.2220695086971,990.0
19.0,3.0,2.0,534.9794559767446,800.0
19.0,3.0,3.0,0.0,0.0
19.0,3.0,4.0,0.0,0.0
19.0,3.0,5.0,0.0,0.0
19.0,3.0,6.0,0.0,0.0
19.0,3.0,7.0,-268.9631165854419,1300.0
19.0,3.0,8.0,0.0,0.0
19.0,3.0,9.0,0.0,0.0
19.0,3.0,10.0,0.0,0.0
19.0,4.0,1.0,0.0,0.0
19.0,4.0,2.0,133.1441442656237,1195.0
19.0,4.0,3.0,0.0,0.0
19.0,4.0,4.0,0.0,0.0
19.0,4.0,5.0,-128.16543846906006,753.0
19.0,4.0,6.0,-190.7984282965631,1500.0
19.0,4.0,7.0,0.0,0.0
19.0,4.0,8.0,0.0,0.0
19.0,4.0,9.0,0.0,0.0
19.0,4.0,10.0,0.0,0.0
19.0,5.0,1.0,0.0,0.0
19.0,5.0,2.0,0.0,0.0
19.0,5.0,3.0,0.0,0.0
19.0,5.0,4.0,128.16543846906006,753.0
19.0,5.0,5.0,0.0,0.0
19.0,5.0,6.0,-62.63298982750166,870.0
19.0,5.0,7.0,0.0,0.0
19.0,5.0,8.0,-17.884834413748536,740.0
19.0,5.0,9.0,334.4802389036431,450.0
19.0,5.0,10.0,0.0,0.0
19.0,6.0,1.0,0.0,0.0
19.0,6.0,2.0,323.9425725621865,1100.0
19.0,6.0,3.0,0.0,0.0
19.0,6.0,4.0,190.7984282965631,1500.0
19.0,6.0,5.0,62.63298982750166,870.0
19.0,6.0,6.0,0.0,0.0
19.0,6.0,7.0,-480.0,480.0
19.0,6.0,8.0,44.748155413748464,621.0
19.0,6.0,9.0,0.0,0.0
19.0,6.0,10.0,0.0,0.0
19.0,7.0,1.0,0.0,0.0
19.0,7.0,2.0,0.0,0.0
19.0,7.0,3.0,268.9631165854419,1300.0
19.0,7.0,4.0,0.0,0.0
19.0,7.0,5.0,0.0,0.0
19.0,7.0,6.0,480.0,480.0
19.0,7.0,7.0,0.0,0.0
19.0,7.0,8.0,0.0,0.0
19.0,7.0,9.0,0.0,0.0
19.0,7.0,10.0,0.0,0.0
19.0,8.0,1.0,0.0,0.0
19.0,8.0,2.0,0.0,0.0
19.0,8.0,3.0,0.0,0.0
19.0,8.0,4.0,0.0,0.0
19.0,8.0,5.0,17.884834413748536,740.0
19.0,8.0,6.0,-44.748155413748464,621.0
19.0,8.0,7.0,0.0,0.0
19.0,8.0,8.0,0.0,0.0
19.0,8.0,9.0,0.0,0.0
19.0,8.0,10.0,0.0,0.0
19.0,9.0,1.0,0.0,0.0
19.0,9.0,2.0,0.0,0.0
19.0,9.0,3.0,0.0,0.0
19.0,9.0,4.0,0.0,0.0
19.0,9.0,5.0,-334.4802389036431,450.0
19.0,9.0,6.0,0.0,0.0
19.0,9.0,7.0,0.0,0.0
19.0,9.0,8.0,0.0,0.0
19.0,9.0,9.0,0.0,0.0
19.0,9.0,10.0,155.30411490364315,1200.0
19.0,10.0,1.0,-173.23215754064975,1200.0
19.0,10.0,2.0,-228.47477107260232,1200.0
19.0,10.0,3.0,0.0,0.0
19.0,10.0,4.0,0.0,0.0
19.0,10.0,5.0,0.0,0.0
19.0,10.0,6.0,0.0,0.0
19.0,10.0,7.0,0.0,0.0
19.0,10.0,8.0,0.0,0.0
19.0,10.0,9.0,-155.30411490364315,1200.0
19.0,10.0,10.0,0.0,0.0
20.0,1.0,1.0,0.0,0.0
20.0,1.0,2.0,-53.73827663915663,300.0
20.0,1.0,3.0,-593.6538903709123,990.0
20.0,1.0,4.0,0.0,0.0
20.0,1.0,5.0,0.0,0.0
20.0,1.0,6.0,0.0,0.0
20.0,1.0,7.0,0.0,0.0
20.0,1.0,8.0,0.0,0.0
20.0,1.0,9.0,0.0,0.0
20.0,1.0,10.0,193.52921961006885,1200.0
20.0,2.0,1.0,53.73827663915663,300.0
20.0,2.0,2.0,0.0,0.0
20.0,2.0,3.0,-539.9156137317557,800.0
20.0,2.0,4.0,-125.30364662220313,1195.0
20.0,2.0,5.0,0.0,0.0
20.0,2.0,6.0,-316.5809336344234,1100.0
20.0,2.0,7.0,0.0,0.0
20.0,2.0,8.0,0.0,0.0
20.0,2.0,9.0,0.0,0.0
20.0,2.0,10.0,247.26749624922547,1200.0
20.0,3.0,1.0,593.6538903709123,990.0
20.0,3.0,2.0,539.9156137317557,800.0
20.0,3.0,3.0,0.0,0.0
20.0,3.0,4.0,0.0,0.0
20.0,3.0,5.0,0.0,0.0
20.0,3.0,6.0,0.0,0.0
20.0,3.0,7.0,-256.66531990266793,1300.0
20.0,3.0,8.0,0.0,0.0
20.0,3.0,9.0,0.0,0.0
20.0,3.0,10.0,0.0,0.0
20.0,4.0,1.0,0.0,0.0
20.0,4.0,2.0,125.30364662220313,1195.0
20.0,4.0,3.0,0.0,0.0
20.0,4.0,4.0,0.0,0.0
20.0,4.0,5.0,-94.58791220998279,753.0
20.0,4.0,6.0,-191.27728701222037,1500.0
20.0,4.0,7.0,0.0,0.0
20.0,4.0,8.0,0.0,0.0
20.0,4.0,9.0,0.0,0.0
20.0,4.0,10.0,0.0,0.0
20.0,5.0,1.0,0.0,0.0
20.0,5.0,2.0,0.0,0.0
20.0,5.0,3.0,0.0,0.0
20.0,5.0,4.0,94.58791220998279,753.0
20.0,5.0,5.0,0.0,0.0
20.0,5.0,6.0,-96.68937480223752,870.0
20.0,5.0,7.0,0.0,0.0
20.0,5.0,8.0,-49.26425975111883,740.0
20.0,5.0,9.0,312.2606525407059,450.0
20.0,5.0,10.0,0.0,0.0
20.0,6.0,1.0,0.0,0.0
20.0,6.0,2.0,316.5809336344234,1100.0
20.0,6.0,3.0,0.0,0.0
20.0,6.0,4.0,191.27728701222037,1500.0
20.0,6.0,5.0,96.68937480223752,870.0
20.0,6.0,6.0,0.0,0.0
20.0,6.0,7.0,-480.0,480.0
20.0,6.0,8.0,47.425115051118695,621.0
20.0,6.0,9.0,0.0,0.0
20.0,6.0,10.0,0.0,0.0
20.0,7.0,1.0,0.0,0.0
20.0,7.0,2.0,0.0,0.0
20.0,7.0,3.0,256.66531990266793,1300.0
20.0,7.0,4.0,0.0,0.0
20.0,7.0,5.0,0.0,0.0
20.0,7.0,6.0,480.0,480.0
20.0,7.0,7.0,0.0,0.0
20.0,7.0,8.0,0.0,0.0
20.0,7.0,9.0,0.0,0.0
20.0,7.0,10.0,0.0,0.0
20.0,8.0,1.0,0.0,0.0
20.0,8.0,2.0,0.0,0.0
20.0,8.0,3.0,0.0,0.0
20.0,8.0,4.0,0.0,0.0
20.0,8.0,5.0,49.26425975111883,740.0
20.0,8.0,6.0,-47.425115051118695,621.0
20.0,8.0,7.0,0.0,0.0
20.0,8.0,8.0,0.0,0.0
20.0,8.0,9.0,0.0,0.0
20.0,8.0,10.0,0.0,0.0
20.0,9.0,1.0,0.0,0.0
20.0,9.0,2.0,0.0,0.0
20.0,9.0,3.0,0.0,0.0
20.0,9.0,4.0,0.0,0.0
20.0,9.0,5.0,-312.2606525407059,450.0
20.0,9.0,6.0,0.0,0.0
20.0,9.0,7.0,0.0,0.0
20.0,9.0,8.0,0.0,0.0
20.0,9.0,9.0,0.0,0.0
20.0,9.0,10.0,154.89840254070555,1200.0
20.0,10.0,1.0,-193.52921961006885,1200.0
20.0,10.0,2.0,-247.26749624922547,1200.0
20.0,10.0,3.0,0.0,0.0
20.0,10.0,4.0,0.0,0.0
20.0,10.0,5.0,0.0,0.0
20.0,10.0,6.0,0.0,0.0
20.0,10.0,7.0,0.0,0.0
20.0,10.0,8.0,0.0,0.0
20.0,10.0,9.0,-154.89840254070555,1200.0
20.0,10.0,10.0,0.0,0.0
21.0,1.0,1.0,0.0,0.0
21.0,1.0,2.0,-60.960716632796796,300.0
21.0,1.0,3.0,-562.7976345833935,990.0
21.0,1.0,4.0,0.0,0.0
21.0,1.0,5.0,0.0,0.0
21.0,1.0,6.0,0.0,0.0
21.0,1.0,7.0,0.0,0.0
21.0,1.0,8.0,0.0,0.0
21.0,1.0,9.0,0.0,0.0
21.0,1.0,10.0,179.10520901619026,1200.0
21.0,2.0,1.0,60.960716632796796,300.0
21.0,2.0,2.0,0.0,0.0
21.0,2.0,3.0,-501.83691795059667,800.0
21.0,2.0,4.0,-134.15373119514837,1195.0
21.0,2.0,5.0,0.0,0.0
21.0,2.0,6.0,-332.0157063360388,1100.0
21.0,2.0,7.0,0.0,0.0
21.0,2.0,8.0,0.0,0.0
21.0,2.0,9.0,0.0,0.0
21.0,2.0,10.0,240.06592564898705,1200.0
21.0,3.0,1.0,562.7976345833935,990.0
21.0,3.0,2.0,501.83691795059667,800.0
21.0,3.0,3.0,0.0,0.0
21.0,3.0,4.0,0.0,0.0
21.0,3.0,5.0,0.0,0.0
21.0,3.0,6.0,0.0,0.0
21.0,3.0,7.0,-310.17878838544215,1300.0
21.0,3.0,8.0,0.0,0.0
21.0,3.0,9.0,0.0,0.0
21.0,3.0,10.0,0.0,0.0
21.0,4.0,1.0,0.0,0.0
21.0,4.0,2.0,134.15373119514837,1195.0
21.0,4.0,3.0,0.0,0.0
21.0,4.0,4.0,0.0,0.0
21.0,4.0,5.0,-101.07817832550995,753.0
21.0,4.0,6.0,-197.86197514089045,1500.0
21.0,4.0,7.0,0.0,0.0
21.0,4.0,8.0,0.0,0.0
21.0,4.0,9.0,0.0,0.0
21.0,4.0,10.0,0.0,0.0
21.0,5.0,1.0,0.0,0.0
21.0,5.0,2.0,0.0,0.0
21.0,5.0,3.0,0.0,0.0
21.0,5.0,4.0,101.07817832550995,753.0
21.0,5.0,5.0,0.0,0.0
21.0,5.0,6.0,-96.78379681538047,870.0
21.0,5.0,7.0,0.0,0.0
21.0,5.0,8.0,-56.50663110769045,740.0
21.0,5.0,9.0,310.86172073482277,450.0
21.0,5.0,10.0,0.0,0.0
21.0,6.0,1.0,0.0,0.0
21.0,6.0,2.0,332.0157063360388,1100.0
21.0,6.0,3.0,0.0,0.0
21.0,6.0,4.0,197.86197514089045,1500.0
21.0,6.0,5.0,96.78379681538047,870.0
21.0,6.0,6.0,0.0,0.0
21.0,6.0,7.0,-480.0,480.0
21.0,6.0,8.0,40.27716570769036,621.0
21.0,6.0,9.0,0.0,0.0
21.0,6.0,10.0,0.0,0.0
21.0,7.0,1.0,0.0,0.0
21.0,7.0,2.0,0.0,0.0
21.0,7.0,3.0,310.17878838544215,1300.0
21.0,7.0,4.0,0.0,0.0
21.0,7.0,5.0,0.0,0.0
21.0,7.0,6.0,480.0,480.0
21.0,7.0,7.0,0.0,0.0
21.0,7.0,8.0,0.0,0.0
21.0,7.0,9.0,0.0,0.0
21.0,7.0,10.0,0.0,0.0
21.0,8.0,1.0,0.0,0.0
21.0,8.0,2.0,0.0,0.0
21.0,8.0,3.0,0.0,0.0
21.0,8.0,4.0,0.0,0.0
21.0,8.0,5.0,56.50663110769045,740.0
21.0,8.0,6.0,-40.27716570769036,621.0
21.0,8.0,7.0,0.0,0.0
21.0,8.0,8.0,0.0,0.0
21.0,8.0,9.0,0.0,0.0
21.0,8.0,10.0,0.0,0.0
21.0,9.0,1.0,0.0,0.0
21.0,9.0,2.0,0.0,0.0
21.0,9.0,3.0,0.0,0.0
21.0,9.0,4.0,0.0,0.0
21.0,9.0,5.0,-310.86172073482277,450.0
21.0,9.0,6.0,0.0,0.0
21.0,9.0,7.0,0.0,0.0
21.0,9.0,8.0,0.0,0.0
21.0,9.0,9.0,0.0,0.0
21.0,9.0,10.0,164.43611443482274,1200.0
21.0,10.0,1.0,-179.10520901619026,1200.0
21.0,10.0,2.0,-240.06592564898705,1200.0
21.0,10.0,3.0,0.0,0.0
21.0,10.0,4.0,0.0,0.0
21.0,10.0,5.0,0.0,0.0
21.0,10.0,6.0,0.0,0.0
21.0,10.0,7.0,0.0,0.0
21.0,10.0,8.0,0.0,0.0
21.0,10.0,9.0,-164.43611443482274,1200.0
21.0,10.0,10.0,0.0,0.0
22.0,1.0,1.0,0.0,0.0
22.0,1.0,2.0,-56.4031438650603,300.0
22.0,1.0,3.0,-595.5332963745267,990.0
22.0,1.0,4.0,0.0,0.0
22.0,1.0,5.0,0.0,0.0
22.0,1.0,6.0,0.0,0.0
22.0,1.0,7.0,0.0,0.0
22.0,1.0,8.0,0.0,0.0
22.0,1.0,9.0,0.0,0.0
22.0,1.0,10.0,192.18506743958696,1200.0
22.0,2.0,1.0,56.4031438650603,300.0
22.0,2.0,2.0,0.0,0.0
22.0,2.0,3.0,-539.1301525094664,800.0
22.0,2.0,4.0,-131.97436606678127,1195.0
22.0,2.0,5.0,0.0,0.0
22.0,2.0,6.0,-323.5138957934594,1100.0
22.0,2.0,7.0,0.0,0.0
22.0,2.0,8.0,0.0,0.0
22.0,2.0,9.0,0.0,0.0
22.0,2.0,10.0,248.58821130464725,1200.0
22.0,3.0,1.0,595.5332963745267,990.0
22.0,3.0,2.0,539.1301525094664,800.0
22.0,3.0,3.0,0.0,0.0
22.0,3.0,4.0,0.0,0.0
22.0,3.0,5.0,0.0,0.0
22.0,3.0,6.0,0.0,0.0
22.0,3.0,7.0,-264.383743283993,1300.0
22.0,3.0,8.0,0.0,0.0
22.0,3.0,9.0,0.0,0.0
22.0,3.0,10.0,0.0,0.0
22.0,4.0,1.0,0.0,0.0
22.0,4.0,2.0,131.97436606678127,1195.0
22.0,4.0,3.0,0.0,0.0
22.0,4.0,4.0,0.0,0.0
22.0,4.0,5.0,-109.09297394010318,753.0
22.0,4.0,6.0,-191.53952972667813,1500.0
22.0,4.0,7.0,0.0,0.0
22.0,4.0,8.0,0.0,0.0
22.0,4.0,9.0,0.0,0.0
22.0,4.0,10.0,0.0,0.0
22.0,5.0,1.0,0.0,0.0
22.0,5.0,2.0,0.0,0.0
22.0,5.0,3.0,0.0,0.0
22.0,5.0,4.0,109.09297394010318,753.0
22.0,5.0,5.0,0.0,0.0
22.0,5.0,6.0,-82.446555786575,870.0
22.0,5.0,7.0,0.0,0.0
22.0,5.0,8.0,-37.54251789328754,740.0
22.0,5.0,9.0,327.0051532557658,450.0
22.0,5.0,10.0,0.0,0.0
22.0,6.0,1.0,0.0,0.0
22.0,6.0,2.0,323.5138957934594,1100.0
22.0,6.0,3.0,0.0,0.0
22.0,6.0,4.0,191.53952972667813,1500.0
22.0,6.0,5.0,82.446555786575,870.0
22.0,6.0,6.0,0.0,0.0
22.0,6.0,7.0,-480.0,480.0
22.0,6.0,8.0,44.904037893287466,621.0
22.0,6.0,9.0,0.0,0.0
22.0,6.0,10.0,0.0,0.0
22.0,7.0,1.0,0.0,0.0
22.0,7.0,2.0,0.0,0.0
22.0,7.0,3.0,264.383743283993,1300.0
22.0,7.0,4.0,0.0,0.0
22.0,7.0,5.0,0.0,0.0
22.0,7.0,6.0,480.0,480.0
22.0,7.0,7.0,0.0,0.0
22.0,7.0,8.0,0.0,0.0
22.0,7.0,9.0,0.0,0.0
22.0,7.0,10.0,0.0,0.0
22.0,8.0,1.0,0.0,0.0
22.0,8.0,2.0,0.0,0.0
22.0,8.0,3.0,0.0,0.0
22.0,8.0,4.0,0.0,0.0
22.0,8.0,5.0,37.54251789328754,740.0
22.0,8.0,6.0,-44.904037893287466,621.0
22.0,8.0,7.0,0.0,0.0
22.0,8.0,8.0,0.0,0.0
22.0,8.0,9.0,0.0,0.0
22.0,8.0,10.0,0.0,0.0
22.0,9.0,1.0,0.0,0.0
22.0,9.0,2.0,0.0,0.0
22.0,9.0,3.0,0.0,0.0
22.0,9.0,4.0,0.0,0.0
22.0,9.0,5.0,-327.0051532557658,450.0
22.0,9.0,6.0,0.0,0.0
22.0,9.0,7.0,0.0,0.0
22.0,9.0,8.0,0.0,0.0
22.0,9.0,9.0,0.0,0.0
22.0,9.0,10.0,162.65039805576578,1200.0
22.0,10.0,1.0,-192.18506743958696,1200.0
22.0,10.0,2.0,-248.58821130464725,1200.0
22.0,10.0,3.0,0.0,0.0
22.0,10.0,4.0,0.0,0.0
22.0,10.0,5.0,0.0,0.0
22.0,10.0,6.0,0.0,0.0
22.0,10.0,7.0,0.0,0.0
22.0,10.0,8.0,0.0,0.0
22.0,10.0,9.0,-162.65039805576578,1200.0
22.0,10.0,10.0,0.0,0.0
23.0,1.0,1.0,0.0,0.0
23.0,1.0,2.0,-40.92661741644221,300.0
23.0,1.0,3.0,-542.429231714086,990.0
23.0,1.0,4.0,0.0,0.0
23.0,1.0,5.0,0.0,0.0
23.0,1.0,6.0,0.0,0.0
23.0,1.0,7.0,0.0,0.0
23.0,1.0,8.0,0.0,0.0
23.0,1.0,9.0,0.0,0.0
23.0,1.0,10.0,165.19272253298877,1200.0
23.0,2.0,1.0,40.92661741644221,300.0
23.0,2.0,2.0,0.0,0.0
23.0,2.0,3.0,-501.50261429764373,800.0
23.0,2.0,4.0,-121.24503677058513,1195.0
23.0,2.0,5.0,0.0,0.0
23.0,2.0,6.0,-311.80864969764366,1100.0
23.0,2.0,7.0,0.0,0.0
23.0,2.0,8.0,0.0,0.0
23.0,2.0,9.0,0.0,0.0
23.0,2.0,10.0,206.11933994943098,1200.0
23.0,3.0,1.0,542.429231714086,990.0
23.0,3.0,2.0,501.50261429764373,800.0
23.0,3.0,3.0,0.0,0.0
23.0,3.0,4.0,0.0,0.0
23.0,3.0,5.0,0.0,0.0
23.0,3.0,6.0,0.0,0.0
23.0,3.0,7.0,-290.3060353999999,1300.0
23.0,3.0,8.0,0.0,0.0
23.0,3.0,9.0,0.0,0.0
23.0,3.0,10.0,0.0,0.0
23.0,4.0,1.0,0.0,0.0
23.0,4.0,2.0,121.24503677058513,1195.0
23.0,4.0,3.0,0.0,0.0
23.0,4.0,4.0,0.0,0.0
23.0,4.0,5.0,-97.39923864352662,753.0
23.0,4.0,6.0,-190.56361292705853,1500.0
23.0,4.0,7.0,0.0,0.0
23.0,4.0,8.0,0.0,0.0
23.0,4.0,9.0,0.0,0.0
23.0,4.0,10.0,0.0,0.0
23.0,5.0,1.0,0.0,0.0
23.0,5.0,2.0,0.0,0.0
23.0,5.0,3.0,0.0,0.0
23.0,5.0,4.0,97.39923864352662,753.0
23.0,5.0,5.0,0.0,0.0
23.0,5.0,6.0,-93.16437428353191,870.0
23.0,5.0,7.0,0.0,0.0
23.0,5.0,8.0,-44.003883291766016,740.0
23.0,5.0,9.0,293.7213186317713,450.0
23.0,5.0,10.0,0.0,0.0
23.0,6.0,1.0,0.0,0.0
23.0,6.0,2.0,311.80864969764366,1100.0
23.0,6.0,3.0,0.0,0.0
23.0,6.0,4.0,190.56361292705853,1500.0
23.0,6.0,5.0,93.16437428353191,870.0
23.0,6.0,6.0,0.0,0.0
23.0,6.0,7.0,-480.0,480.0
23.0,6.0,8.0,49.16049099176601,621.0
23.0,6.0,9.0,0.0,0.0
23.0,6.0,10.0,0.0,0.0
23.0,7.0,1.0,0.0,0.0
23.0,7.0,2.0,0.0,0.0
23.0,7.0,3.0,290.3060353999999,1300.0
23.0,7.0,4.0,0.0,0.0
23.0,7.0,5.0,0.0,0.0
23.0,7.0,6.0,480.0,480.0
23.0,7.0,7.0,0.0,0.0
23.0,7.0,8.0,0.0,0.0
23.0,7.0,9.0,0.0,0.0
23.0,7.0,10.0,0.0,0.0
23.0,8.0,1.0,0.0,0.0
23.0,8.0,2.0,0.0,0.0
23.0,8.0,3.0,0.0,0.0
23.0,8.0,4.0,0.0,0.0
23.0,8.0,5.0,44.003883291766016,740.0
23.0,8.0,6.0,-49.16049099176601,621.0
23.0,8.0,7.0,0.0,0.0
23.0,8.0,8.0,0.0,0.0
23.0,8.0,9.0,0.0,0.0
23.0,8.0,10.0,0.0,0.0
23.0,9.0,1.0,0.0,0.0
23.0,9.0,2.0,0.0,0.0
23.0,9.0,3.0,0.0,0.0
23.0,9.0,4.0,0.0,0.0
23.0,9.0,5.0,-293.7213186317713,450.0
23.0,9.0,6.0,0.0,0.0
23.0,9.0,7.0,0.0,0.0
23.0,9.0,8.0,0.0,0.0
23.0,9.0,9.0,0.0,0.0
23.0,9.0,10.0,131.04229673177133,1200.0
23.0,10.0,1.0,-165.19272253298877,1200.0
23.0,10.0,2.0,-206.11933994943098,1200.0
23.0,10.0,3.0,0.0,0.0
23.0,10.0,4.0,0.0,0.0
23.0,10.0,5.0,0.0,0.0
23.0,10.0,6.0,0.0,0.0
23.0,10.0,7.0,0.0,0.0
23.0,10.0,8.0,0.0,0.0
23.0,10.0,9.0,-131.04229673177133,1200.0
23.0,10.0,10.0,0.0,0.0
24.0,1.0,1.0,0.0,0.0
24.0,1.0,2.0,-63.753867639000624,300.0
24.0,1.0,3.0,-480.76099114825075,990.0
24.0,1.0,4.0,0.0,0.0
24.0,1.0,5.0,0.0,0.0
24.0,1.0,6.0,0.0,0.0
24.0,1.0,7.0,0.0,0.0
24.0,1.0,8.0,0.0,0.0
24.0,1.0,9.0,0.0,0.0
24.0,1.0,10.0,146.72788688725146,1200.0
24.0,2.0,1.0,63.753867639000624,300.0
24.0,2.0,2.0,0.0,0.0
24.0,2.0,3.0,-417.0071235092501,800.0
24.0,2.0,4.0,-102.78601006131055,1195.0
24.0,2.0,5.0,0.0,0.0
24.0,2.0,6.0,-351.1229464946922,1100.0
24.0,2.0,7.0,0.0,0.0
24.0,2.0,8.0,0.0,0.0
24.0,2.0,9.0,0.0,0.0
24.0,2.0,10.0,210.48175452625208,1200.0
24.0,3.0,1.0,480.76099114825075,990.0
24.0,3.0,2.0,417.0071235092501,800.0
24.0,3.0,3.0,0.0,0.0
24.0,3.0,4.0,0.0,0.0
24.0,3.0,5.0,0.0,0.0
24.0,3.0,6.0,0.0,0.0
24.0,3.0,7.0,-414.115822985442,1300.0
24.0,3.0,8.0,0.0,0.0
24.0,3.0,9.0,0.0,0.0
24.0,3.0,10.0,0.0,0.0
24.0,4.0,1.0,0.0,0.0
24.0,4.0,2.0,102.78601006131055,1195.0
24.0,4.0,3.0,0.0,0.0
24.0,4.0,4.0,0.0,0.0
24.0,4.0,5.0,-145.43578318542995,753.0
24.0,4.0,6.0,-248.33693643338137,1500.0
24.0,4.0,7.0,0.0,0.0
24.0,4.0,8.0,0.0,0.0
24.0,4.0,9.0,0.0,0.0
24.0,4.0,10.0,0.0,0.0
24.0,5.0,1.0,0.0,0.0
24.0,5.0,2.0,0.0,0.0
24.0,5.0,3.0,0.0,0.0
24.0,5.0,4.0,145.43578318542995,753.0
24.0,5.0,5.0,0.0,0.0
24.0,5.0,6.0,-102.90115324795103,870.0
24.0,5.0,7.0,0.0,0.0
24.0,5.0,8.0,-62.16601882397538,740.0
24.0,5.0,9.0,293.8177884864965,450.0
24.0,5.0,10.0,0.0,0.0
24.0,6.0,1.0,0.0,0.0
24.0,6.0,2.0,351.1229464946922,1100.0
24.0,6.0,3.0,0.0,0.0
24.0,6.0,4.0,248.33693643338137,1500.0
24.0,6.0,5.0,102.90115324795103,870.0
24.0,6.0,6.0,0.0,0.0
24.0,6.0,7.0,-480.0,480.0
24.0,6.0,8.0,40.73513442397564,621.0
24.0,6.0,9.0,0.0,0.0
24.0,6.0,10.0,0.0,0.0
24.0,7.0,1.0,0.0,0.0
24.0,7.0,2.0,0.0,0.0
24.0,7.0,3.0,414.115822985442,1300.0
24.0,7.0,4.0,0.0,0.0
24.0,7.0,5.0,0.0,0.0
24.0,7.0,6.0,480.0,480.0
24.0,7.0,7.0,0.0,0.0
24.0,7.0,8.0,0.0,0.0
24.0,7.0,9.0,0.0,0.0
24.0,7.0,10.0,0.0,0.0
24.0,8.0,1.0,0.0,0.0
24.0,8.0,2.0,0.0,0.0
24.0,8.0,3.0,0.0,0.0
24.0,8.0,4.0,0.0,0.0
24.0,8.0,5.0,62.16601882397538,740.0
24.0,8.0,6.0,-40.73513442397564,621.0
24.0,8.0,7.0,0.0,0.0
24.0,8.0,8.0,0.0,0.0
24.0,8.0,9.0,0.0,0.0
24.0,8.0,10.0,0.0,0.0
24.0,9.0,1.0,0.0,0.0
24.0,9.0,2.0,0.0,0.0
24.0,9.0,3.0,0.0,0.0
24.0,9.0,4.0,0.0,0.0
24.0,9.0,5.0,-293.8177884864965,450.0
24.0,9.0,6.0,0.0,0.0
24.0,9.0,7.0,0.0,0.0
24.0,9.0,8.0,0.0,0.0
24.0,9.0,9.0,0.0,0.0
24.0,9.0,10.0,164.88575928649658,1200.0
24.0,10.0,1.0,-146.72788688725146,1200.0
24.0,10.0,2.0,-210.48175452625208,1200.0
24.0,10.0,3.0,0.0,0.0
24.0,10.0,4.0,0.0,0.0
24.0,10.0,5.0,0.0,0.0
24.0,10.0,6.0,0.0,0.0
24.0,10.0,7.0,0.0,0.0
24.0,10.0,8.0,0.0,0.0
24.0,10.0,9.0,-164.88575928649658,1200.0
24.0,10.0,10.0,0.0,0.0
