Day,Hour,GeneratorID,VariableCost,MinPowerOut,MaxPowerOut,Output,On/off,ShutDown,Startup
1,30,1,ALLE_UN01_0,85,167,0.0,0.0,0.0,0.0
1,30,2,ALLE_UN02_0,85,167,0.0,0.0,0.0,0.0
1,30,3,ALLE_UN03_0,140,270,0.0,0.0,0.0,0.0
1,30,4,ALLE_UN04_0,140,267,0.0,0.0,0.0,0.0
1,30,5,ALLE_UN05_0,140,259,0.0,0.0,0.0,0.0
1,30,6,ASHV_CT03_0,70,185,0.0,-0.0,0.0,-0.0
1,30,7,ASHV_CT03_1,70,185,0.0,-0.0,-0.0,-0.0
1,30,8,ASHV_CT04_0,70,185,0.0,-0.0,0.0,-0.0
1,30,9,ASHV_CT04_1,70,185,0.0,-0.0,-0.0,-0.0
1,30,10,BELE_UN01_0,300,1110,0.0,0.0,0.0,0.0
1,30,11,BELE_UN02_0,300,1110,0.0,0.0,0.0,0.0
1,30,12,BLEW_CT01_0,12,68,0.0,-0.0,0.0,-0.0
1,30,13,BRUN_UN01_0,975,975,975.0,1.0,0.0,0.0
1,30,14,BRUN_UN02_0,953,953,953.0,1.0,0.0,0.0
1,30,15,BRVR_CT01_0,100,178,0.0,-0.0,0.0,-0.0
1,30,16,BRVR_CT02_0,100,178,0.0,-0.0,0.0,-0.0
1,30,17,BRVR_CT03_0,100,178,0.0,-0.0,0.0,-0.0
1,30,18,BRVR_CT04_0,100,178,0.0,-0.0,0.0,-0.0
1,30,19,BRVR_CT05_0,100,178,0.0,-0.0,0.0,-0.0
1,30,20,BUCK_CC01_1,150,358,250.00000000000003,1.0,0.0,0.0
1,30,21,BUCK_CC01_2,105,358,344.99999999999994,1.0,0.0,-0.0
1,30,22,CATA_UN01_0,1199,1199,1199.0,1.0,0.0,0.0
1,30,23,CATA_UN02_0,1180,1180,1180.0,1.0,0.0,0.0
1,30,24,CHER_CG01_0,86,86,0.0,0.0,0.0,0.0
1,30,25,CLEM_CT01_0,17,17,0.0,-0.0,-0.0,-0.0
1,30,26,CLEVL_CT04_1,150,358,250.00000000000003,1.0,0.0,0.0
1,30,27,CLIF_UN05_0,126,546,0.0,0.0,0.0,0.0
1,30,28,CLIF_UN06_0,310,844,0.0,0.0,0.0,0.0
1,30,29,DANR_CC01_1,150,359,254.0,1.0,0.0,0.0
1,30,30,DANR_CC01_2,150,359,300.0,1.0,0.0,0.0
1,30,31,DCEP_CT12_0,40,133,0.0,-0.0,0.0,-0.0
1,30,32,DCEP_CT13_0,40,133,0.0,-0.0,0.0,-0.0
1,30,33,FAYE_CC01_1,60,70,0.0,0.0,0.0,0.0
1,30,34,FAYE_CC01_2,60,70,0.0,0.0,0.0,0.0
1,30,35,FAYE_CC01_3,60,70,0.0,0.0,0.0,0.0
1,30,36,FAYE_CC01_4,40,49,0.0,0.0,0.0,0.0
1,30,37,HARR_UN01_0,980,980,980.0,1.0,0.0,0.0
1,30,38,LCCP_CC01_1,268,324,267.99999999999994,1.0,0.0,0.0
1,30,39,LCCP_CC01_2,60,341,59.99999999999994,1.0,0.0,0.0
1,30,40,LCCP_CC01_3,60,395,59.999999999999886,1.0,0.0,-0.0
1,30,41,LEEC_CT07_0,48,48,0.0,-0.0,-0.0,-0.0
1,30,42,LEEC_CT08_0,48,48,0.0,-0.0,-0.0,-0.0
1,30,43,LEES_CC01_1,177,391,176.9999999999999,1.0,0.0,0.0
1,30,44,LEES_CC01_2,177,391,240.0,1.0,0.0,1.0
1,30,45,LEES_UN03_0,45,173,0.0,0.0,0.0,0.0
1,30,46,LINC_CT01_0,98,98,0.0,-0.0,-0.0,-0.0
1,30,47,LINC_CT02_0,99,99,0.0,-0.0,-0.0,-0.0
1,30,48,LINC_CT03_0,99,99,0.0,-0.0,-0.0,-0.0
1,30,49,LINC_CT04_0,98,98,0.0,-0.0,-0.0,-0.0
1,30,50,LINC_CT05_0,97,97,0.0,-0.0,-0.0,-0.0
1,30,51,LINC_CT06_0,97,97,0.0,-0.0,-0.0,-0.0
1,30,52,LINC_CT07_0,98,98,0.0,-0.0,-0.0,-0.0
1,30,53,LINC_CT08_0,98,98,0.0,-0.0,-0.0,-0.0
1,30,54,LINC_CT09_0,97,97,0.0,-0.0,-0.0,-0.0
1,30,55,LINC_CT10_0,98,98,0.0,-0.0,-0.0,-0.0
1,30,56,LINC_CT11_0,98,98,0.0,-0.0,-0.0,-0.0
1,30,57,LINC_CT12_0,98,98,0.0,-0.0,-0.0,-0.0
1,30,58,LINC_CT13_0,98,98,0.0,-0.0,-0.0,-0.0
1,30,59,LINC_CT14_0,97,97,0.0,-0.0,-0.0,-0.0
1,30,60,LINC_CT15_0,98,98,0.0,-0.0,-0.0,-0.0
1,30,61,LINC_CT16_0,97,97,0.0,-0.0,-0.0,-0.0
1,30,62,LINC_CT17_0,98,98,0.0,-0.0,-0.0,-0.0
1,30,63,MARD_UN01_0,140,380,0.0,0.0,0.0,0.0
1,30,64,MARD_UN02_0,140,380,0.0,0.0,0.0,0.0
1,30,65,MARD_UN03_0,270,658,0.0,0.0,0.0,0.0
1,30,66,MARD_UN04_0,270,660,0.0,0.0,0.0,0.0
1,30,67,MAYO_UN01_1,105,373,0.0,0.0,0.0,0.0
1,30,68,MAYO_UN01_2,45,373,0.0,0.0,0.0,0.0
1,30,69,MCGU_UN01_0,1199,1199,1199.0,1.0,0.0,0.0
1,30,70,MCGU_UN02_0,1187,1187,1187.0,1.0,0.0,0.0
1,30,71,MILL_CT01_0,92,92,0.0,-0.0,-0.0,-0.0
1,30,72,MILL_CT02_0,92,92,0.0,-0.0,-0.0,-0.0
1,30,73,MILL_CT03_0,92,92,0.0,-0.0,-0.0,-0.0
1,30,74,MILL_CT04_0,92,92,0.0,-0.0,-0.0,-0.0
1,30,75,MILL_CT05_0,90,90,0.0,-0.0,-0.0,-0.0
1,30,76,MILL_CT06_0,92,92,0.0,-0.0,-0.0,-0.0
1,30,77,MILL_CT07_0,92,92,0.0,-0.0,-0.0,-0.0
1,30,78,MILL_CT08_0,93,93,0.0,-0.0,-0.0,-0.0
1,30,79,MISC_CG01_0,0,0,0.0,0.0,0.0,0.0
1,30,80,NCAP_CT01_0,56,56,0.0,0.0,-0.0,-0.0
1,30,81,NCAP_CT02_0,56,56,0.0,0.0,-0.0,-0.0
1,30,82,NCAP_CT03_0,56,56,0.0,0.0,-0.0,-0.0
1,30,83,NCAP_CT04_0,56,56,0.0,0.0,-0.0,-0.0
1,30,84,NCAP_CT05_0,56,56,0.0,0.0,-0.0,-0.0
1,30,85,NCAP_CT06_0,56,56,0.0,0.0,-0.0,-0.0
1,30,86,NCHP_CT01_0,56,56,0.0,-0.0,-0.0,-0.0
1,30,87,NCHP_CT02_0,56,56,0.0,0.0,-0.0,-0.0
1,30,88,NCHP_CT03_0,56,56,0.0,-0.0,-0.0,-0.0
1,30,89,NCHP_CT04_0,56,56,0.0,0.0,-0.0,-0.0
1,30,90,NCHP_CT05_0,56,56,0.0,0.0,-0.0,-0.0
1,30,91,OCON_UN01_0,865,865,865.0,1.0,0.0,0.0
1,30,92,OCON_UN02_0,872,872,872.0,1.0,0.0,0.0
1,30,93,OCON_UN03_0,881,881,881.0,1.0,0.0,0.0
1,30,94,RCKN_CT01_0,133,179,0.0,-0.0,0.0,-0.0
1,30,95,RCKN_CT02_0,133,179,0.0,-0.0,0.0,-0.0
1,30,96,RCKN_CT03_0,133,179,0.0,-0.0,0.0,-0.0
1,30,97,RCKN_CT04_0,133,179,0.0,-0.0,0.0,-0.0
1,30,98,RCKN_CT05_0,133,179,0.0,-0.0,0.0,-0.0
1,30,99,RCOG_CG01_0,0,0,0.0,0.0,0.0,0.0
1,30,100,RCOP_CC04_1,169,276,168.99999999999994,1.0,0.0,0.0
1,30,101,RCOP_CC04_2,179,277,0.0,0.0,0.0,0.0
1,30,102,RCOP_CC05_1,200,340,235.0,1.0,0.0,0.0
1,30,103,RCOP_CC05_2,225,340,224.99999999999994,1.0,0.0,0.0
1,30,104,RCOP_CT01_0,100,189,0.0,-0.0,0.0,-0.0
1,30,105,RCOP_CT02_0,100,187,0.0,-0.0,0.0,-0.0
1,30,106,RCOP_CT03_0,100,185,0.0,-0.0,0.0,-0.0
1,30,107,RCOP_CT04_0,100,186,0.0,-0.0,0.0,-0.0
1,30,108,RCOP_CT06_0,100,187,0.0,-0.0,0.0,-0.0
1,30,109,ROBN_UN02_0,797,797,797.0,1.0,0.0,0.0
1,30,110,ROWAN_CT02_0,70,192,0.0,-0.0,0.0,-0.0
1,30,111,ROXB_UN01_0,70,380,0.0,0.0,0.0,0.0
1,30,112,ROXB_UN02_0,85,673,0.0,0.0,0.0,0.0
1,30,113,ROXB_UN03_1,68,349,0.0,0.0,0.0,0.0
1,30,114,ROXB_UN03_2,68,349,0.0,0.0,0.0,0.0
1,30,115,ROXB_UN04_1,125,355,0.0,0.0,0.0,0.0
1,30,116,ROXB_UN04_2,125,356,0.0,0.0,0.0,0.0
1,30,117,SCCP_CC01_1,180,359,179.99999999999994,1.0,0.0,0.0
1,30,118,SCCP_CC01_2,96,360,95.99999999999994,1.0,0.0,0.0
1,30,119,SOCO_CC01_1,48,48,0.0,0.0,0.0,0.0
1,30,120,SOCO_CC01_2,49,48,0.0,0.0,0.0,0.0
1,30,121,SOCO_CC01_3,48,48,0.0,0.0,0.0,0.0
1,30,122,SPRT_CG01_0,0,0,0.0,0.0,0.0,0.0
1,30,123,SUTT_CT01_0,15,49,0.0,-0.0,0.0,-0.0
1,30,124,SUTT_CT02_0,15,49,0.0,-0.0,0.0,-0.0
1,30,125,SUTT_CT04_0,15,49,0.0,-0.0,0.0,-0.0
1,30,126,SUTT_CT05_0,15,49,0.0,-0.0,0.0,-0.0
1,30,127,WCOP_CT10_0,70,192,0.0,-0.0,0.0,-0.0
1,30,128,WCOP_CT11_0,70,192,0.0,-0.0,0.0,-0.0
1,30,129,WCOP_CT12_0,100,193,0.0,-0.0,0.0,-0.0
1,30,130,WCOP_CT13_0,100,191,0.0,-0.0,0.0,-0.0
1,30,131,WCOP_CT14_0,100,195,0.0,-0.0,0.0,-0.0
1,30,132,WSPN_CT01_0,12,164,0.0,-0.0,0.0,-0.0
2,18,1,ALLE_UN01_0,85,167,0.0,0.0,0.0,0.0
2,18,2,ALLE_UN02_0,85,167,0.0,0.0,0.0,0.0
2,18,3,ALLE_UN03_0,140,270,0.0,0.0,0.0,0.0
2,18,4,ALLE_UN04_0,140,267,0.0,0.0,0.0,0.0
2,18,5,ALLE_UN05_0,140,259,0.0,0.0,0.0,0.0
2,18,6,ASHV_CT03_0,70,185,0.0,-0.0,-0.0,-0.0
2,18,7,ASHV_CT03_1,70,185,185.0,1.0,-0.0,1.0
2,18,8,ASHV_CT04_0,70,185,0.0,-0.0,-0.0,-0.0
2,18,9,ASHV_CT04_1,70,185,184.0,0.999999999999996,-0.0,0.999999999999996
2,18,10,BELE_UN01_0,300,1110,0.0,0.0,0.0,0.0
2,18,11,BELE_UN02_0,300,1110,0.0,0.0,0.0,0.0
2,18,12,BLEW_CT01_0,12,68,0.0,-0.0,-0.0,-0.0
2,18,13,BRUN_UN01_0,975,975,975.0,1.0,0.0,0.0
2,18,14,BRUN_UN02_0,953,953,953.0,1.0,0.0,0.0
2,18,15,BRVR_CT01_0,100,178,0.0,-0.0,-0.0,-0.0
2,18,16,BRVR_CT02_0,100,178,0.0,-0.0,-0.0,-0.0
2,18,17,BRVR_CT03_0,100,178,0.0,-0.0,-0.0,-0.0
2,18,18,BRVR_CT04_0,100,178,0.0,-0.0,-0.0,-0.0
2,18,19,BRVR_CT05_0,100,178,0.0,-0.0,-0.0,-0.0
2,18,20,BUCK_CC01_1,150,358,358.0,1.0,0.0,0.0
2,18,21,BUCK_CC01_2,105,358,358.0,1.0,-0.0,-0.0
2,18,22,CATA_UN01_0,1199,1199,1199.0,1.0,0.0,0.0
2,18,23,CATA_UN02_0,1180,1180,1180.0,1.0,0.0,0.0
2,18,24,CHER_CG01_0,86,86,86.0,1.0,0.0,0.0
2,18,25,CLEM_CT01_0,17,17,17.0,1.0,0.0,0.0
2,18,26,CLEVL_CT04_1,150,358,358.0,1.0,0.0,0.0
2,18,27,CLIF_UN05_0,126,546,0.0,0.0,0.0,0.0
2,18,28,CLIF_UN06_0,310,844,0.0,0.0,0.0,0.0
2,18,29,DANR_CC01_1,150,359,359.0,1.0,0.0,0.0
2,18,30,DANR_CC01_2,150,359,359.0,1.0,0.0,0.0
2,18,31,DCEP_CT12_0,40,133,0.0,-0.0,-0.0,-0.0
2,18,32,DCEP_CT13_0,40,133,0.0,-0.0,-0.0,-0.0
2,18,33,FAYE_CC01_1,60,70,0.0,0.0,0.0,0.0
2,18,34,FAYE_CC01_2,60,70,0.0,0.0,0.0,0.0
2,18,35,FAYE_CC01_3,60,70,0.0,0.0,0.0,0.0
2,18,36,FAYE_CC01_4,40,49,0.0,0.0,0.0,0.0
2,18,37,HARR_UN01_0,980,980,980.0,1.0,0.0,0.0
2,18,38,LCCP_CC01_1,268,324,324.0,1.0,0.0,0.0
2,18,39,LCCP_CC01_2,60,341,341.0,1.0,0.0,0.0
2,18,40,LCCP_CC01_3,60,395,395.0,1.0,-0.0,-0.0
2,18,41,LEEC_CT07_0,48,48,0.0,0.0,-0.0,0.0
2,18,42,LEEC_CT08_0,48,48,0.0,0.0,-0.0,0.0
2,18,43,LEES_CC01_1,177,391,391.0,1.0,0.0,0.0
2,18,44,LEES_CC01_2,177,391,391.0,1.0,0.0,0.0
2,18,45,LEES_UN03_0,45,173,0.0,0.0,0.0,0.0
2,18,46,LINC_CT01_0,98,98,0.0,0.0,-0.0,0.0
2,18,47,LINC_CT02_0,99,99,0.0,-0.0,-0.0,-0.0
2,18,48,LINC_CT03_0,99,99,0.0,0.0,-0.0,0.0
2,18,49,LINC_CT04_0,98,98,0.0,-0.0,-0.0,-0.0
2,18,50,LINC_CT05_0,97,97,97.0,1.0,-0.0,1.0
2,18,51,LINC_CT06_0,97,97,0.0,-0.0,-0.0,-0.0
2,18,52,LINC_CT07_0,98,98,0.0,0.0,-0.0,0.0
2,18,53,LINC_CT08_0,98,98,0.0,0.0,-0.0,0.0
2,18,54,LINC_CT09_0,97,97,97.0,1.0,-0.0,1.0
2,18,55,LINC_CT10_0,98,98,0.0,0.0,-0.0,0.0
2,18,56,LINC_CT11_0,98,98,0.0,0.0,-0.0,0.0
2,18,57,LINC_CT12_0,98,98,0.0,0.0,-0.0,0.0
2,18,58,LINC_CT13_0,98,98,0.0,0.0,-0.0,0.0
2,18,59,LINC_CT14_0,97,97,0.0,0.0,-0.0,0.0
2,18,60,LINC_CT15_0,98,98,0.0,-0.0,-0.0,-0.0
2,18,61,LINC_CT16_0,97,97,0.0,0.0,-0.0,0.0
2,18,62,LINC_CT17_0,98,98,0.0,0.0,-0.0,0.0
2,18,63,MARD_UN01_0,140,380,0.0,0.0,0.0,0.0
2,18,64,MARD_UN02_0,140,380,0.0,0.0,0.0,0.0
2,18,65,MARD_UN03_0,270,658,0.0,0.0,0.0,0.0
2,18,66,MARD_UN04_0,270,660,0.0,0.0,0.0,0.0
2,18,67,MAYO_UN01_1,105,373,0.0,0.0,0.0,0.0
2,18,68,MAYO_UN01_2,45,373,0.0,0.0,0.0,0.0
2,18,69,MCGU_UN01_0,1199,1199,1199.0,1.0,0.0,0.0
2,18,70,MCGU_UN02_0,1187,1187,1187.0,1.0,0.0,0.0
2,18,71,MILL_CT01_0,92,92,0.0,0.0,-0.0,0.0
2,18,72,MILL_CT02_0,92,92,0.0,0.0,-0.0,0.0
2,18,73,MILL_CT03_0,92,92,0.0,0.0,-0.0,0.0
2,18,74,MILL_CT04_0,92,92,0.0,0.0,-0.0,0.0
2,18,75,MILL_CT05_0,90,90,0.0,0.0,-0.0,0.0
2,18,76,MILL_CT06_0,92,92,0.0,0.0,-0.0,0.0
2,18,77,MILL_CT07_0,92,92,0.0,0.0,-0.0,0.0
2,18,78,MILL_CT08_0,93,93,0.0,0.0,-0.0,0.0
2,18,79,MISC_CG01_0,0,0,0.0,0.0,0.0,0.0
2,18,80,NCAP_CT01_0,56,56,56.0,1.0,-0.0,1.0
2,18,81,NCAP_CT02_0,56,56,56.0,1.0,0.0,0.0
2,18,82,NCAP_CT03_0,56,56,56.0,1.0,-0.0,1.0
2,18,83,NCAP_CT04_0,56,56,56.0,1.0,-0.0,1.0
2,18,84,NCAP_CT05_0,56,56,56.0,1.0,0.0,0.0
2,18,85,NCAP_CT06_0,56,56,56.0,1.0,0.0,0.0
2,18,86,NCHP_CT01_0,56,56,56.0,1.0,-0.0,1.0
2,18,87,NCHP_CT02_0,56,56,56.0,1.0,-0.0,1.0
2,18,88,NCHP_CT03_0,56,56,56.0,1.0,-0.0,1.0
2,18,89,NCHP_CT04_0,56,56,56.0,1.0,-0.0,1.0
2,18,90,NCHP_CT05_0,56,56,56.0,1.0,-0.0,1.0
2,18,91,OCON_UN01_0,865,865,865.0,1.0,0.0,0.0
2,18,92,OCON_UN02_0,872,872,872.0,1.0,0.0,0.0
2,18,93,OCON_UN03_0,881,881,881.0,1.0,0.0,0.0
2,18,94,RCKN_CT01_0,133,179,0.0,0.0,-0.0,0.0
2,18,95,RCKN_CT02_0,133,179,0.0,0.0,-0.0,0.0
2,18,96,RCKN_CT03_0,133,179,0.0,0.0,-0.0,0.0
2,18,97,RCKN_CT04_0,133,179,0.0,0.0,-0.0,0.0
2,18,98,RCKN_CT05_0,133,179,0.0,0.0,-0.0,0.0
2,18,99,RCOG_CG01_0,0,0,0.0,0.0,0.0,0.0
2,18,100,RCOP_CC04_1,169,276,276.0,1.0,0.0,0.0
2,18,101,RCOP_CC04_2,179,277,277.0,1.0,0.0,0.0
2,18,102,RCOP_CC05_1,200,340,340.0,1.0,0.0,0.0
2,18,103,RCOP_CC05_2,225,340,340.0,1.0,0.0,0.0
2,18,104,RCOP_CT01_0,100,189,0.0,0.0,0.0,0.0
2,18,105,RCOP_CT02_0,100,187,0.0,0.0,0.0,0.0
2,18,106,RCOP_CT03_0,100,185,185.0,1.0,0.0,1.0
2,18,107,RCOP_CT04_0,100,186,186.0,1.0,0.0,1.0
2,18,108,RCOP_CT06_0,100,187,187.0,1.0,-0.0,1.0
2,18,109,ROBN_UN02_0,797,797,797.0,1.0,0.0,0.0
2,18,110,ROWAN_CT02_0,70,192,0.0,-0.0,-0.0,-0.0
2,18,111,ROXB_UN01_0,70,380,0.0,0.0,0.0,0.0
2,18,112,ROXB_UN02_0,85,673,0.0,0.0,0.0,0.0
2,18,113,ROXB_UN03_1,68,349,0.0,0.0,0.0,0.0
2,18,114,ROXB_UN03_2,68,349,0.0,0.0,0.0,0.0
2,18,115,ROXB_UN04_1,125,355,0.0,0.0,0.0,0.0
2,18,116,ROXB_UN04_2,125,356,0.0,0.0,0.0,0.0
2,18,117,SCCP_CC01_1,180,359,359.0,1.0,0.0,0.0
2,18,118,SCCP_CC01_2,96,360,360.0,1.0,0.0,0.0
2,18,119,SOCO_CC01_1,48,48,48.0,1.0,0.0,0.0
2,18,120,SOCO_CC01_2,49,48,0.0,0.0,0.0,0.0
2,18,121,SOCO_CC01_3,48,48,48.0,1.0,0.0,0.0
2,18,122,SPRT_CG01_0,0,0,0.0,0.0,0.0,0.0
2,18,123,SUTT_CT01_0,15,49,0.0,-0.0,-0.0,-0.0
2,18,124,SUTT_CT02_0,15,49,0.0,-0.0,-0.0,-0.0
2,18,125,SUTT_CT04_0,15,49,0.0,-0.0,-0.0,-0.0
2,18,126,SUTT_CT05_0,15,49,0.0,-0.0,-0.0,-0.0
2,18,127,WCOP_CT10_0,70,192,0.0,-0.0,-0.0,-0.0
2,18,128,WCOP_CT11_0,70,192,0.0,-0.0,-0.0,-0.0
2,18,129,WCOP_CT12_0,100,193,0.0,-0.0,-0.0,-0.0
2,18,130,WCOP_CT13_0,100,191,0.0,-0.0,-0.0,-0.0
2,18,131,WCOP_CT14_0,100,195,0.0,-0.0,-0.0,-0.0
2,18,132,WSPN_CT01_0,12,164,0.0,-0.0,-0.0,-0.0
2,19,1,ALLE_UN01_0,85,167,0.0,0.0,0.0,0.0
2,19,2,ALLE_UN02_0,85,167,0.0,0.0,0.0,0.0
2,19,3,ALLE_UN03_0,140,270,0.0,0.0,0.0,0.0
2,19,4,ALLE_UN04_0,140,267,0.0,0.0,0.0,0.0
2,19,5,ALLE_UN05_0,140,259,0.0,0.0,0.0,0.0
2,19,6,ASHV_CT03_0,70,185,0.0,0.0,0.0,-0.0
2,19,7,ASHV_CT03_1,70,185,185.0,1.0,0.0,0.0
2,19,8,ASHV_CT04_0,70,185,0.0,0.0,-0.0,-0.0
2,19,9,ASHV_CT04_1,70,185,178.0,1.0,-0.0,-0.0
2,19,10,BELE_UN01_0,300,1110,0.0,0.0,0.0,0.0
2,19,11,BELE_UN02_0,300,1110,0.0,0.0,0.0,0.0
2,19,12,BLEW_CT01_0,12,68,0.0,-0.0,0.0,-0.0
2,19,13,BRUN_UN01_0,975,975,975.0,1.0,0.0,0.0
2,19,14,BRUN_UN02_0,953,953,953.0,1.0,0.0,0.0
2,19,15,BRVR_CT01_0,100,178,0.0,0.0,0.0,-0.0
2,19,16,BRVR_CT02_0,100,178,0.0,0.0,0.0,-0.0
2,19,17,BRVR_CT03_0,100,178,0.0,0.0,0.0,-0.0
2,19,18,BRVR_CT04_0,100,178,0.0,0.0,0.0,-0.0
2,19,19,BRVR_CT05_0,100,178,0.0,0.0,0.0,-0.0
2,19,20,BUCK_CC01_1,150,358,358.0,1.0,0.0,0.0
2,19,21,BUCK_CC01_2,105,358,358.0,1.0,-0.0,-0.0
2,19,22,CATA_UN01_0,1199,1199,1199.0,1.0,0.0,0.0
2,19,23,CATA_UN02_0,1180,1180,1180.0,1.0,0.0,0.0
2,19,24,CHER_CG01_0,86,86,86.0,1.0,0.0,0.0
2,19,25,CLEM_CT01_0,17,17,17.0,1.0,1.0,1.0
2,19,26,CLEVL_CT04_1,150,358,358.0,1.0,0.0,0.0
2,19,27,CLIF_UN05_0,126,546,0.0,0.0,0.0,0.0
2,19,28,CLIF_UN06_0,310,844,0.0,0.0,0.0,0.0
2,19,29,DANR_CC01_1,150,359,359.0,1.0,0.0,0.0
2,19,30,DANR_CC01_2,150,359,359.0,1.0,0.0,0.0
2,19,31,DCEP_CT12_0,40,133,0.0,0.0,0.0,-0.0
2,19,32,DCEP_CT13_0,40,133,0.0,0.0,0.0,-0.0
2,19,33,FAYE_CC01_1,60,70,0.0,0.0,0.0,0.0
2,19,34,FAYE_CC01_2,60,70,0.0,0.0,0.0,0.0
2,19,35,FAYE_CC01_3,60,70,0.0,0.0,0.0,0.0
2,19,36,FAYE_CC01_4,40,49,0.0,0.0,0.0,0.0
2,19,37,HARR_UN01_0,980,980,980.0,1.0,0.0,0.0
2,19,38,LCCP_CC01_1,268,324,324.0,1.0,0.0,0.0
2,19,39,LCCP_CC01_2,60,341,341.0,1.0,0.0,0.0
2,19,40,LCCP_CC01_3,60,395,395.0,1.0,-0.0,-0.0
2,19,41,LEEC_CT07_0,48,48,0.0,0.0,-0.0,-0.0
2,19,42,LEEC_CT08_0,48,48,0.0,0.0,-0.0,-0.0
2,19,43,LEES_CC01_1,177,391,391.0,1.0,0.0,0.0
2,19,44,LEES_CC01_2,177,391,391.0,1.0,0.0,0.0
2,19,45,LEES_UN03_0,45,173,0.0,0.0,0.0,0.0
2,19,46,LINC_CT01_0,98,98,0.0,-0.0,-0.0,-0.0
2,19,47,LINC_CT02_0,99,99,0.0,-0.0,-0.0,-0.0
2,19,48,LINC_CT03_0,99,99,0.0,-0.0,-0.0,-0.0
2,19,49,LINC_CT04_0,98,98,0.0,-0.0,-0.0,-0.0
2,19,50,LINC_CT05_0,97,97,97.0,1.0,0.0,-0.0
2,19,51,LINC_CT06_0,97,97,0.0,-0.0,-0.0,-0.0
2,19,52,LINC_CT07_0,98,98,0.0,-0.0,-0.0,-0.0
2,19,53,LINC_CT08_0,98,98,0.0,-0.0,-0.0,-0.0
2,19,54,LINC_CT09_0,97,97,97.0,1.0,0.0,-0.0
2,19,55,LINC_CT10_0,98,98,0.0,-0.0,-0.0,-0.0
2,19,56,LINC_CT11_0,98,98,0.0,-0.0,-0.0,-0.0
2,19,57,LINC_CT12_0,98,98,0.0,-0.0,-0.0,-0.0
2,19,58,LINC_CT13_0,98,98,0.0,-0.0,-0.0,-0.0
2,19,59,LINC_CT14_0,97,97,0.0,-0.0,-0.0,-0.0
2,19,60,LINC_CT15_0,98,98,0.0,-0.0,-0.0,-0.0
2,19,61,LINC_CT16_0,97,97,0.0,-0.0,-0.0,-0.0
2,19,62,LINC_CT17_0,98,98,0.0,0.0,-0.0,-0.0
2,19,63,MARD_UN01_0,140,380,0.0,0.0,0.0,0.0
2,19,64,MARD_UN02_0,140,380,0.0,0.0,0.0,0.0
2,19,65,MARD_UN03_0,270,658,0.0,0.0,0.0,0.0
2,19,66,MARD_UN04_0,270,660,0.0,0.0,0.0,0.0
2,19,67,MAYO_UN01_1,105,373,0.0,0.0,0.0,0.0
2,19,68,MAYO_UN01_2,45,373,0.0,0.0,0.0,0.0
2,19,69,MCGU_UN01_0,1199,1199,1199.0,1.0,0.0,0.0
2,19,70,MCGU_UN02_0,1187,1187,1187.0,1.0,0.0,0.0
2,19,71,MILL_CT01_0,92,92,0.0,-0.0,-0.0,-0.0
2,19,72,MILL_CT02_0,92,92,0.0,-0.0,-0.0,-0.0
2,19,73,MILL_CT03_0,92,92,0.0,-0.0,-0.0,-0.0
2,19,74,MILL_CT04_0,92,92,0.0,-0.0,-0.0,-0.0
2,19,75,MILL_CT05_0,90,90,0.0,-0.0,-0.0,-0.0
2,19,76,MILL_CT06_0,92,92,0.0,-0.0,-0.0,-0.0
2,19,77,MILL_CT07_0,92,92,0.0,-0.0,-0.0,-0.0
2,19,78,MILL_CT08_0,93,93,0.0,-0.0,-0.0,-0.0
2,19,79,MISC_CG01_0,0,0,0.0,0.0,0.0,0.0
2,19,80,NCAP_CT01_0,56,56,56.0,1.0,0.0,0.0
2,19,81,NCAP_CT02_0,56,56,56.0,1.0,0.0,0.0
2,19,82,NCAP_CT03_0,56,56,56.0,1.0,0.0,0.0
2,19,83,NCAP_CT04_0,56,56,56.0,1.0,0.0,0.0
2,19,84,NCAP_CT05_0,56,56,56.0,1.0,0.0,0.0
2,19,85,NCAP_CT06_0,56,56,56.0,1.0,0.0,0.0
2,19,86,NCHP_CT01_0,56,56,56.0,1.0,0.0,0.0
2,19,87,NCHP_CT02_0,56,56,56.0,1.0,0.0,0.0
2,19,88,NCHP_CT03_0,56,56,56.0,1.0,0.0,0.0
2,19,89,NCHP_CT04_0,56,56,56.0,1.0,0.0,0.0
2,19,90,NCHP_CT05_0,56,56,56.0,1.0,0.0,0.0
2,19,91,OCON_UN01_0,865,865,865.0,1.0,0.0,0.0
2,19,92,OCON_UN02_0,872,872,872.0,1.0,0.0,0.0
2,19,93,OCON_UN03_0,881,881,881.0,1.0,0.0,0.0
2,19,94,RCKN_CT01_0,133,179,0.0,0.0,0.0,-0.0
2,19,95,RCKN_CT02_0,133,179,179.0,1.0,0.0,1.0
2,19,96,RCKN_CT03_0,133,179,0.0,0.0,0.0,-0.0
2,19,97,RCKN_CT04_0,133,179,179.0,1.0,0.0,1.0
2,19,98,RCKN_CT05_0,133,179,0.0,0.0,0.0,-0.0
2,19,99,RCOG_CG01_0,0,0,0.0,0.0,0.0,0.0
2,19,100,RCOP_CC04_1,169,276,276.0,1.0,0.0,0.0
2,19,101,RCOP_CC04_2,179,277,277.0,1.0,0.0,0.0
2,19,102,RCOP_CC05_1,200,340,340.0,1.0,0.0,0.0
2,19,103,RCOP_CC05_2,225,340,340.0,1.0,0.0,0.0
2,19,104,RCOP_CT01_0,100,189,189.0,1.0,-0.0,1.0
2,19,105,RCOP_CT02_0,100,187,0.0,0.0,0.0,0.0
2,19,106,RCOP_CT03_0,100,185,185.0,1.0,0.0,0.0
2,19,107,RCOP_CT04_0,100,186,186.0,1.0,0.0,0.0
2,19,108,RCOP_CT06_0,100,187,187.0,1.0,0.0,0.0
2,19,109,ROBN_UN02_0,797,797,797.0,1.0,0.0,0.0
2,19,110,ROWAN_CT02_0,70,192,0.0,0.0,0.0,-0.0
2,19,111,ROXB_UN01_0,70,380,0.0,0.0,0.0,0.0
2,19,112,ROXB_UN02_0,85,673,0.0,0.0,0.0,0.0
2,19,113,ROXB_UN03_1,68,349,0.0,0.0,0.0,0.0
2,19,114,ROXB_UN03_2,68,349,0.0,0.0,0.0,0.0
2,19,115,ROXB_UN04_1,125,355,0.0,0.0,0.0,0.0
2,19,116,ROXB_UN04_2,125,356,0.0,0.0,0.0,0.0
2,19,117,SCCP_CC01_1,180,359,359.0,1.0,0.0,0.0
2,19,118,SCCP_CC01_2,96,360,360.0,1.0,0.0,0.0
2,19,119,SOCO_CC01_1,48,48,48.0,1.0,0.0,0.0
2,19,120,SOCO_CC01_2,49,48,0.0,0.0,0.0,0.0
2,19,121,SOCO_CC01_3,48,48,48.0,1.0,0.0,0.0
2,19,122,SPRT_CG01_0,0,0,0.0,0.0,0.0,0.0
2,19,123,SUTT_CT01_0,15,49,0.0,-0.0,0.0,-0.0
2,19,124,SUTT_CT02_0,15,49,0.0,-0.0,0.0,-0.0
2,19,125,SUTT_CT04_0,15,49,0.0,-0.0,0.0,-0.0
2,19,126,SUTT_CT05_0,15,49,0.0,0.0,-0.0,-0.0
2,19,127,WCOP_CT10_0,70,192,0.0,-0.0,0.0,-0.0
2,19,128,WCOP_CT11_0,70,192,0.0,-0.0,0.0,-0.0
2,19,129,WCOP_CT12_0,100,193,0.0,0.0,-0.0,-0.0
2,19,130,WCOP_CT13_0,100,191,0.0,0.0,0.0,-0.0
2,19,131,WCOP_CT14_0,100,195,0.0,0.0,-0.0,-0.0
2,19,132,WSPN_CT01_0,12,164,0.0,-0.0,0.0,-0.0
2,20,1,ALLE_UN01_0,85,167,0.0,0.0,0.0,0.0
2,20,2,ALLE_UN02_0,85,167,0.0,0.0,0.0,0.0
2,20,3,ALLE_UN03_0,140,270,0.0,0.0,0.0,0.0
2,20,4,ALLE_UN04_0,140,267,0.0,0.0,0.0,0.0
2,20,5,ALLE_UN05_0,140,259,0.0,0.0,0.0,0.0
2,20,6,ASHV_CT03_0,70,185,0.0,0.0,0.0,-0.0
2,20,7,ASHV_CT03_1,70,185,185.0,1.0,-0.0,-0.0
2,20,8,ASHV_CT04_0,70,185,0.0,0.0,0.0,-0.0
2,20,9,ASHV_CT04_1,70,185,164.0,1.0,0.0,0.0
2,20,10,BELE_UN01_0,300,1110,0.0,0.0,0.0,0.0
2,20,11,BELE_UN02_0,300,1110,0.0,0.0,0.0,0.0
2,20,12,BLEW_CT01_0,12,68,0.0,-0.0,0.0,-0.0
2,20,13,BRUN_UN01_0,975,975,975.0,1.0,0.0,0.0
2,20,14,BRUN_UN02_0,953,953,953.0,1.0,0.0,0.0
2,20,15,BRVR_CT01_0,100,178,0.0,-0.0,0.0,-0.0
2,20,16,BRVR_CT02_0,100,178,0.0,0.0,0.0,-0.0
2,20,17,BRVR_CT03_0,100,178,0.0,0.0,0.0,-0.0
2,20,18,BRVR_CT04_0,100,178,0.0,0.0,0.0,-0.0
2,20,19,BRVR_CT05_0,100,178,0.0,0.0,0.0,-0.0
2,20,20,BUCK_CC01_1,150,358,358.0,1.0,0.0,0.0
2,20,21,BUCK_CC01_2,105,358,358.0,1.0,-0.0,-0.0
2,20,22,CATA_UN01_0,1199,1199,1199.0,1.0,0.0,0.0
2,20,23,CATA_UN02_0,1180,1180,1180.0,1.0,0.0,0.0
2,20,24,CHER_CG01_0,86,86,86.0,1.0,0.0,0.0
2,20,25,CLEM_CT01_0,17,17,0.0,-0.0,1.0,-0.0
2,20,26,CLEVL_CT04_1,150,358,358.0,1.0,0.0,0.0
2,20,27,CLIF_UN05_0,126,546,0.0,0.0,0.0,0.0
2,20,28,CLIF_UN06_0,310,844,0.0,0.0,0.0,0.0
2,20,29,DANR_CC01_1,150,359,359.0,1.0,0.0,0.0
2,20,30,DANR_CC01_2,150,359,359.0,1.0,0.0,0.0
2,20,31,DCEP_CT12_0,40,133,0.0,0.0,0.0,-0.0
2,20,32,DCEP_CT13_0,40,133,0.0,0.0,0.0,-0.0
2,20,33,FAYE_CC01_1,60,70,0.0,0.0,0.0,0.0
2,20,34,FAYE_CC01_2,60,70,0.0,0.0,0.0,0.0
2,20,35,FAYE_CC01_3,60,70,0.0,0.0,0.0,0.0
2,20,36,FAYE_CC01_4,40,49,0.0,0.0,0.0,0.0
2,20,37,HARR_UN01_0,980,980,980.0,1.0,0.0,0.0
2,20,38,LCCP_CC01_1,268,324,324.0,1.0,0.0,0.0
2,20,39,LCCP_CC01_2,60,341,341.0,1.0,0.0,0.0
2,20,40,LCCP_CC01_3,60,395,395.0,1.0,-0.0,-0.0
2,20,41,LEEC_CT07_0,48,48,0.0,-0.0,-0.0,-0.0
2,20,42,LEEC_CT08_0,48,48,0.0,-0.0,-0.0,-0.0
2,20,43,LEES_CC01_1,177,391,391.0,1.0,0.0,0.0
2,20,44,LEES_CC01_2,177,391,391.0,1.0,0.0,0.0
2,20,45,LEES_UN03_0,45,173,0.0,0.0,0.0,0.0
2,20,46,LINC_CT01_0,98,98,0.0,0.0,-0.0,-0.0
2,20,47,LINC_CT02_0,99,99,0.0,0.0,-0.0,-0.0
2,20,48,LINC_CT03_0,99,99,0.0,0.0,-0.0,-0.0
2,20,49,LINC_CT04_0,98,98,0.0,0.0,-0.0,-0.0
2,20,50,LINC_CT05_0,97,97,97.0,1.0,0.0,-0.0
2,20,51,LINC_CT06_0,97,97,0.0,0.0,-0.0,-0.0
2,20,52,LINC_CT07_0,98,98,0.0,0.0,-0.0,-0.0
2,20,53,LINC_CT08_0,98,98,0.0,0.0,-0.0,-0.0
2,20,54,LINC_CT09_0,97,97,97.0,1.0,0.0,-0.0
2,20,55,LINC_CT10_0,98,98,0.0,0.0,-0.0,-0.0
2,20,56,LINC_CT11_0,98,98,0.0,0.0,-0.0,-0.0
2,20,57,LINC_CT12_0,98,98,0.0,0.0,-0.0,-0.0
2,20,58,LINC_CT13_0,98,98,0.0,0.0,-0.0,-0.0
2,20,59,LINC_CT14_0,97,97,0.0,0.0,-0.0,-0.0
2,20,60,LINC_CT15_0,98,98,0.0,0.0,-0.0,-0.0
2,20,61,LINC_CT16_0,97,97,0.0,0.0,-0.0,-0.0
2,20,62,LINC_CT17_0,98,98,0.0,0.0,-0.0,-0.0
2,20,63,MARD_UN01_0,140,380,0.0,0.0,0.0,0.0
2,20,64,MARD_UN02_0,140,380,0.0,0.0,0.0,0.0
2,20,65,MARD_UN03_0,270,658,0.0,0.0,0.0,0.0
2,20,66,MARD_UN04_0,270,660,0.0,0.0,0.0,0.0
2,20,67,MAYO_UN01_1,105,373,0.0,0.0,0.0,0.0
2,20,68,MAYO_UN01_2,45,373,0.0,0.0,0.0,0.0
2,20,69,MCGU_UN01_0,1199,1199,1199.0,1.0,0.0,0.0
2,20,70,MCGU_UN02_0,1187,1187,1187.0,1.0,0.0,0.0
2,20,71,MILL_CT01_0,92,92,0.0,0.0,-0.0,-0.0
2,20,72,MILL_CT02_0,92,92,0.0,0.0,-0.0,-0.0
2,20,73,MILL_CT03_0,92,92,0.0,0.0,-0.0,-0.0
2,20,74,MILL_CT04_0,92,92,0.0,0.0,-0.0,-0.0
2,20,75,MILL_CT05_0,90,90,0.0,0.0,-0.0,-0.0
2,20,76,MILL_CT06_0,92,92,0.0,0.0,-0.0,-0.0
2,20,77,MILL_CT07_0,92,92,0.0,0.0,-0.0,-0.0
2,20,78,MILL_CT08_0,93,93,0.0,0.0,-0.0,-0.0
2,20,79,MISC_CG01_0,0,0,0.0,0.0,0.0,0.0
2,20,80,NCAP_CT01_0,56,56,56.0,1.0,0.0,0.0
2,20,81,NCAP_CT02_0,56,56,56.0,1.0,0.0,-0.0
2,20,82,NCAP_CT03_0,56,56,56.0,1.0,0.0,0.0
2,20,83,NCAP_CT04_0,56,56,56.0,1.0,0.0,0.0
2,20,84,NCAP_CT05_0,56,56,56.0,1.0,0.0,-0.0
2,20,85,NCAP_CT06_0,56,56,56.0,1.0,0.0,-0.0
2,20,86,NCHP_CT01_0,56,56,56.0,1.0,0.0,0.0
2,20,87,NCHP_CT02_0,56,56,56.0,1.0,0.0,0.0
2,20,88,NCHP_CT03_0,56,56,56.0,1.0,0.0,0.0
2,20,89,NCHP_CT04_0,56,56,56.0,1.0,0.0,0.0
2,20,90,NCHP_CT05_0,56,56,56.0,1.0,0.0,0.0
2,20,91,OCON_UN01_0,865,865,865.0,1.0,0.0,0.0
2,20,92,OCON_UN02_0,872,872,872.0,1.0,0.0,0.0
2,20,93,OCON_UN03_0,881,881,881.0,1.0,0.0,0.0
2,20,94,RCKN_CT01_0,133,179,0.0,0.0,0.0,-0.0
2,20,95,RCKN_CT02_0,133,179,179.0,1.0,0.0,0.0
2,20,96,RCKN_CT03_0,133,179,0.0,0.0,0.0,-0.0
2,20,97,RCKN_CT04_0,133,179,179.0,1.0,0.0,0.0
2,20,98,RCKN_CT05_0,133,179,0.0,0.0,0.0,-0.0
2,20,99,RCOG_CG01_0,0,0,0.0,0.0,0.0,0.0
2,20,100,RCOP_CC04_1,169,276,276.0,1.0,0.0,0.0
2,20,101,RCOP_CC04_2,179,277,277.0,1.0,0.0,0.0
2,20,102,RCOP_CC05_1,200,340,340.0,1.0,0.0,0.0
2,20,103,RCOP_CC05_2,225,340,340.0,1.0,0.0,0.0
2,20,104,RCOP_CT01_0,100,189,189.0,1.0,0.0,0.0
2,20,105,RCOP_CT02_0,100,187,0.0,-0.0,0.0,-0.0
2,20,106,RCOP_CT03_0,100,185,185.0,1.0,0.0,-0.0
2,20,107,RCOP_CT04_0,100,186,186.0,1.0,0.0,-0.0
2,20,108,RCOP_CT06_0,100,187,187.0,1.0,0.0,-0.0
2,20,109,ROBN_UN02_0,797,797,797.0,1.0,0.0,0.0
2,20,110,ROWAN_CT02_0,70,192,0.0,0.0,0.0,-0.0
2,20,111,ROXB_UN01_0,70,380,0.0,0.0,0.0,0.0
2,20,112,ROXB_UN02_0,85,673,0.0,0.0,0.0,0.0
2,20,113,ROXB_UN03_1,68,349,0.0,0.0,0.0,0.0
2,20,114,ROXB_UN03_2,68,349,0.0,0.0,0.0,0.0
2,20,115,ROXB_UN04_1,125,355,0.0,0.0,0.0,0.0
2,20,116,ROXB_UN04_2,125,356,0.0,0.0,0.0,0.0
2,20,117,SCCP_CC01_1,180,359,359.0,1.0,0.0,0.0
2,20,118,SCCP_CC01_2,96,360,360.0,1.0,0.0,0.0
2,20,119,SOCO_CC01_1,48,48,48.0,1.0,0.0,0.0
2,20,120,SOCO_CC01_2,49,48,0.0,0.0,0.0,0.0
2,20,121,SOCO_CC01_3,48,48,48.0,1.0,0.0,0.0
2,20,122,SPRT_CG01_0,0,0,0.0,0.0,0.0,0.0
2,20,123,SUTT_CT01_0,15,49,0.0,-0.0,0.0,-0.0
2,20,124,SUTT_CT02_0,15,49,0.0,-0.0,0.0,-0.0
2,20,125,SUTT_CT04_0,15,49,0.0,-0.0,0.0,-0.0
2,20,126,SUTT_CT05_0,15,49,0.0,0.0,-0.0,-0.0
2,20,127,WCOP_CT10_0,70,192,0.0,0.0,0.0,-0.0
2,20,128,WCOP_CT11_0,70,192,0.0,0.0,0.0,-0.0
2,20,129,WCOP_CT12_0,100,193,0.0,0.0,0.0,-0.0
2,20,130,WCOP_CT13_0,100,191,0.0,0.0,0.0,-0.0
2,20,131,WCOP_CT14_0,100,195,0.0,0.0,-0.0,-0.0
2,20,132,WSPN_CT01_0,12,164,0.0,-0.0,0.0,-0.0
2,21,1,ALLE_UN01_0,85,167,0.0,0.0,0.0,0.0
2,21,2,ALLE_UN02_0,85,167,0.0,0.0,0.0,0.0
2,21,3,ALLE_UN03_0,140,270,0.0,0.0,0.0,0.0
2,21,4,ALLE_UN04_0,140,267,0.0,0.0,0.0,0.0
2,21,5,ALLE_UN05_0,140,259,0.0,0.0,0.0,0.0
2,21,6,ASHV_CT03_0,70,185,0.0,0.0,0.0,-0.0
2,21,7,ASHV_CT03_1,70,185,177.00000000000125,1.0,-0.0,-0.0
2,21,8,ASHV_CT04_0,70,185,0.0,-0.0,0.0,-0.0
2,21,9,ASHV_CT04_1,70,185,156.0,1.0,-0.0,-0.0
2,21,10,BELE_UN01_0,300,1110,0.0,0.0,0.0,0.0
2,21,11,BELE_UN02_0,300,1110,0.0,0.0,0.0,0.0
2,21,12,BLEW_CT01_0,12,68,0.0,-0.0,0.0,-0.0
2,21,13,BRUN_UN01_0,975,975,975.0,1.0,0.0,0.0
2,21,14,BRUN_UN02_0,953,953,953.0,1.0,0.0,0.0
2,21,15,BRVR_CT01_0,100,178,0.0,0.0,0.0,-0.0
2,21,16,BRVR_CT02_0,100,178,0.0,0.0,-0.0,-0.0
2,21,17,BRVR_CT03_0,100,178,0.0,-0.0,0.0,-0.0
2,21,18,BRVR_CT04_0,100,178,0.0,0.0,0.0,-0.0
2,21,19,BRVR_CT05_0,100,178,0.0,0.0,-0.0,-0.0
2,21,20,BUCK_CC01_1,150,358,358.0,1.0,0.0,0.0
2,21,21,BUCK_CC01_2,105,358,358.0,1.0,-0.0,-0.0
2,21,22,CATA_UN01_0,1199,1199,1199.0,1.0,0.0,0.0
2,21,23,CATA_UN02_0,1180,1180,1180.0,1.0,0.0,0.0
2,21,24,CHER_CG01_0,86,86,86.0,1.0,0.0,0.0
2,21,25,CLEM_CT01_0,17,17,0.0,-0.0,-0.0,-0.0
2,21,26,CLEVL_CT04_1,150,358,358.0,1.0,0.0,0.0
2,21,27,CLIF_UN05_0,126,546,0.0,0.0,0.0,0.0
2,21,28,CLIF_UN06_0,310,844,0.0,0.0,0.0,0.0
2,21,29,DANR_CC01_1,150,359,359.0,1.0,0.0,0.0
2,21,30,DANR_CC01_2,150,359,359.0,1.0,0.0,0.0
2,21,31,DCEP_CT12_0,40,133,0.0,-0.0,0.0,-0.0
2,21,32,DCEP_CT13_0,40,133,0.0,-0.0,0.0,-0.0
2,21,33,FAYE_CC01_1,60,70,0.0,0.0,0.0,0.0
2,21,34,FAYE_CC01_2,60,70,0.0,0.0,0.0,0.0
2,21,35,FAYE_CC01_3,60,70,0.0,0.0,0.0,0.0
2,21,36,FAYE_CC01_4,40,49,0.0,0.0,0.0,0.0
2,21,37,HARR_UN01_0,980,980,980.0,1.0,0.0,0.0
2,21,38,LCCP_CC01_1,268,324,324.0,1.0,0.0,0.0
2,21,39,LCCP_CC01_2,60,341,341.0,1.0,0.0,0.0
2,21,40,LCCP_CC01_3,60,395,395.0,1.0,-0.0,-0.0
2,21,41,LEEC_CT07_0,48,48,0.0,-0.0,-0.0,-0.0
2,21,42,LEEC_CT08_0,48,48,0.0,-0.0,-0.0,-0.0
2,21,43,LEES_CC01_1,177,391,391.0,1.0,0.0,0.0
2,21,44,LEES_CC01_2,177,391,391.0,1.0,0.0,0.0
2,21,45,LEES_UN03_0,45,173,0.0,0.0,0.0,0.0
2,21,46,LINC_CT01_0,98,98,0.0,0.0,-0.0,-0.0
2,21,47,LINC_CT02_0,99,99,0.0,0.0,-0.0,-0.0
2,21,48,LINC_CT03_0,99,99,0.0,0.0,-0.0,-0.0
2,21,49,LINC_CT04_0,98,98,0.0,0.0,-0.0,-0.0
2,21,50,LINC_CT05_0,97,97,0.0,0.0,1.0,-0.0
2,21,51,LINC_CT06_0,97,97,0.0,0.0,-0.0,-0.0
2,21,52,LINC_CT07_0,98,98,0.0,0.0,-0.0,-0.0
2,21,53,LINC_CT08_0,98,98,0.0,0.0,-0.0,-0.0
2,21,54,LINC_CT09_0,97,97,0.0,0.0,1.0,-0.0
2,21,55,LINC_CT10_0,98,98,0.0,0.0,-0.0,-0.0
2,21,56,LINC_CT11_0,98,98,0.0,0.0,-0.0,-0.0
2,21,57,LINC_CT12_0,98,98,0.0,0.0,-0.0,-0.0
2,21,58,LINC_CT13_0,98,98,0.0,0.0,-0.0,-0.0
2,21,59,LINC_CT14_0,97,97,0.0,0.0,-0.0,-0.0
2,21,60,LINC_CT15_0,98,98,0.0,0.0,-0.0,-0.0
2,21,61,LINC_CT16_0,97,97,0.0,0.0,-0.0,-0.0
2,21,62,LINC_CT17_0,98,98,0.0,0.0,-0.0,-0.0
2,21,63,MARD_UN01_0,140,380,0.0,0.0,0.0,0.0
2,21,64,MARD_UN02_0,140,380,0.0,0.0,0.0,0.0
2,21,65,MARD_UN03_0,270,658,0.0,0.0,0.0,0.0
2,21,66,MARD_UN04_0,270,660,0.0,0.0,0.0,0.0
2,21,67,MAYO_UN01_1,105,373,0.0,0.0,0.0,0.0
2,21,68,MAYO_UN01_2,45,373,0.0,0.0,0.0,0.0
2,21,69,MCGU_UN01_0,1199,1199,1199.0,1.0,0.0,0.0
2,21,70,MCGU_UN02_0,1187,1187,1187.0,1.0,0.0,0.0
2,21,71,MILL_CT01_0,92,92,0.0,0.0,-0.0,-0.0
2,21,72,MILL_CT02_0,92,92,0.0,0.0,-0.0,-0.0
2,21,73,MILL_CT03_0,92,92,0.0,0.0,-0.0,-0.0
2,21,74,MILL_CT04_0,92,92,0.0,0.0,-0.0,-0.0
2,21,75,MILL_CT05_0,90,90,0.0,0.0,-0.0,-0.0
2,21,76,MILL_CT06_0,92,92,0.0,0.0,-0.0,-0.0
2,21,77,MILL_CT07_0,92,92,0.0,0.0,-0.0,-0.0
2,21,78,MILL_CT08_0,93,93,0.0,0.0,-0.0,-0.0
2,21,79,MISC_CG01_0,0,0,0.0,0.0,0.0,0.0
2,21,80,NCAP_CT01_0,56,56,56.0,1.0,0.0,-0.0
2,21,81,NCAP_CT02_0,56,56,56.0,1.0,0.0,-0.0
2,21,82,NCAP_CT03_0,56,56,56.0,1.0,0.0,-0.0
2,21,83,NCAP_CT04_0,56,56,56.0,1.0,0.0,-0.0
2,21,84,NCAP_CT05_0,56,56,56.0,1.0,0.0,-0.0
2,21,85,NCAP_CT06_0,56,56,56.0,1.0,0.0,-0.0
2,21,86,NCHP_CT01_0,56,56,0.0,0.0,1.0,-0.0
2,21,87,NCHP_CT02_0,56,56,0.0,0.0,1.0,-0.0
2,21,88,NCHP_CT03_0,56,56,56.0,1.0,0.0,-0.0
2,21,89,NCHP_CT04_0,56,56,0.0,0.0,1.0,-0.0
2,21,90,NCHP_CT05_0,56,56,55.999999999999204,0.9999999999999858,1.4210854715202004e-14,-0.0
2,21,91,OCON_UN01_0,865,865,865.0,1.0,0.0,0.0
2,21,92,OCON_UN02_0,872,872,872.0,1.0,0.0,0.0
2,21,93,OCON_UN03_0,881,881,881.0,1.0,0.0,0.0
2,21,94,RCKN_CT01_0,133,179,0.0,0.0,0.0,-0.0
2,21,95,RCKN_CT02_0,133,179,179.0,1.0,0.0,-0.0
2,21,96,RCKN_CT03_0,133,179,0.0,0.0,0.0,-0.0
2,21,97,RCKN_CT04_0,133,179,179.0,1.0,0.0,-0.0
2,21,98,RCKN_CT05_0,133,179,0.0,0.0,0.0,-0.0
2,21,99,RCOG_CG01_0,0,0,0.0,0.0,0.0,0.0
2,21,100,RCOP_CC04_1,169,276,276.0,1.0,0.0,0.0
2,21,101,RCOP_CC04_2,179,277,277.0,1.0,0.0,0.0
2,21,102,RCOP_CC05_1,200,340,340.0,1.0,0.0,0.0
2,21,103,RCOP_CC05_2,225,340,340.0,1.0,0.0,0.0
2,21,104,RCOP_CT01_0,100,189,189.0,1.0,0.0,-0.0
2,21,105,RCOP_CT02_0,100,187,0.0,0.0,0.0,-0.0
2,21,106,RCOP_CT03_0,100,185,185.0,1.0,0.0,-0.0
2,21,107,RCOP_CT04_0,100,186,186.0,1.0,0.0,-0.0
2,21,108,RCOP_CT06_0,100,187,187.0,0.9999999999999999,0.0,-0.0
2,21,109,ROBN_UN02_0,797,797,797.0,1.0,0.0,0.0
2,21,110,ROWAN_CT02_0,70,192,0.0,-0.0,0.0,-0.0
2,21,111,ROXB_UN01_0,70,380,0.0,0.0,0.0,0.0
2,21,112,ROXB_UN02_0,85,673,0.0,0.0,0.0,0.0
2,21,113,ROXB_UN03_1,68,349,0.0,0.0,0.0,0.0
2,21,114,ROXB_UN03_2,68,349,0.0,0.0,0.0,0.0
2,21,115,ROXB_UN04_1,125,355,0.0,0.0,0.0,0.0
2,21,116,ROXB_UN04_2,125,356,0.0,0.0,0.0,0.0
2,21,117,SCCP_CC01_1,180,359,359.0,1.0,0.0,0.0
2,21,118,SCCP_CC01_2,96,360,360.0,1.0,0.0,0.0
2,21,119,SOCO_CC01_1,48,48,48.0,1.0,0.0,0.0
2,21,120,SOCO_CC01_2,49,48,0.0,0.0,0.0,0.0
2,21,121,SOCO_CC01_3,48,48,48.0,1.0,0.0,0.0
2,21,122,SPRT_CG01_0,0,0,0.0,0.0,0.0,0.0
2,21,123,SUTT_CT01_0,15,49,0.0,-0.0,0.0,-0.0
2,21,124,SUTT_CT02_0,15,49,0.0,-0.0,0.0,-0.0
2,21,125,SUTT_CT04_0,15,49,0.0,-0.0,0.0,-0.0
2,21,126,SUTT_CT05_0,15,49,0.0,0.0,-0.0,-0.0
2,21,127,WCOP_CT10_0,70,192,0.0,-0.0,0.0,-0.0
2,21,128,WCOP_CT11_0,70,192,0.0,-0.0,0.0,-0.0
2,21,129,WCOP_CT12_0,100,193,0.0,0.0,0.0,-0.0
2,21,130,WCOP_CT13_0,100,191,0.0,0.0,0.0,-0.0
2,21,131,WCOP_CT14_0,100,195,0.0,0.0,0.0,-0.0
2,21,132,WSPN_CT01_0,12,164,0.0,-0.0,0.0,-0.0
2,22,1,ALLE_UN01_0,85,167,0.0,0.0,0.0,0.0
2,22,2,ALLE_UN02_0,85,167,0.0,0.0,0.0,0.0
2,22,3,ALLE_UN03_0,140,270,0.0,0.0,0.0,0.0
2,22,4,ALLE_UN04_0,140,267,0.0,0.0,0.0,0.0
2,22,5,ALLE_UN05_0,140,259,0.0,0.0,0.0,0.0
2,22,6,ASHV_CT03_0,70,185,0.0,-0.0,0.0,-0.0
2,22,7,ASHV_CT03_1,70,185,166.0,1.0,-0.0,-0.0
2,22,8,ASHV_CT04_0,70,185,0.0,-0.0,0.0,-0.0
2,22,9,ASHV_CT04_1,70,185,156.0,1.0,-0.0,-0.0
2,22,10,BELE_UN01_0,300,1110,0.0,0.0,0.0,0.0
2,22,11,BELE_UN02_0,300,1110,0.0,0.0,0.0,0.0
2,22,12,BLEW_CT01_0,12,68,0.0,-0.0,0.0,-0.0
2,22,13,BRUN_UN01_0,975,975,975.0,1.0,0.0,0.0
2,22,14,BRUN_UN02_0,953,953,953.0,1.0,0.0,0.0
2,22,15,BRVR_CT01_0,100,178,0.0,0.0,0.0,-0.0
2,22,16,BRVR_CT02_0,100,178,0.0,0.0,0.0,-0.0
2,22,17,BRVR_CT03_0,100,178,0.0,0.0,0.0,-0.0
2,22,18,BRVR_CT04_0,100,178,0.0,0.0,0.0,-0.0
2,22,19,BRVR_CT05_0,100,178,0.0,0.0,0.0,-0.0
2,22,20,BUCK_CC01_1,150,358,358.0,1.0,0.0,0.0
2,22,21,BUCK_CC01_2,105,358,358.0,1.0,-0.0,-0.0
2,22,22,CATA_UN01_0,1199,1199,1199.0,1.0,0.0,0.0
2,22,23,CATA_UN02_0,1180,1180,1180.0,1.0,0.0,0.0
2,22,24,CHER_CG01_0,86,86,86.0,1.0,0.0,0.0
2,22,25,CLEM_CT01_0,17,17,0.0,-0.0,-0.0,-0.0
2,22,26,CLEVL_CT04_1,150,358,358.0,1.0,0.0,0.0
2,22,27,CLIF_UN05_0,126,546,0.0,0.0,0.0,0.0
2,22,28,CLIF_UN06_0,310,844,0.0,0.0,0.0,0.0
2,22,29,DANR_CC01_1,150,359,359.0,1.0,0.0,0.0
2,22,30,DANR_CC01_2,150,359,359.0,1.0,0.0,0.0
2,22,31,DCEP_CT12_0,40,133,0.0,-0.0,0.0,-0.0
2,22,32,DCEP_CT13_0,40,133,0.0,-0.0,0.0,-0.0
2,22,33,FAYE_CC01_1,60,70,0.0,0.0,0.0,0.0
2,22,34,FAYE_CC01_2,60,70,0.0,0.0,0.0,0.0
2,22,35,FAYE_CC01_3,60,70,0.0,0.0,0.0,0.0
2,22,36,FAYE_CC01_4,40,49,0.0,0.0,0.0,0.0
2,22,37,HARR_UN01_0,980,980,980.0,1.0,0.0,0.0
2,22,38,LCCP_CC01_1,268,324,324.0,1.0,0.0,0.0
2,22,39,LCCP_CC01_2,60,341,341.0,1.0,0.0,0.0
2,22,40,LCCP_CC01_3,60,395,395.0,1.0,-0.0,-0.0
2,22,41,LEEC_CT07_0,48,48,0.0,-0.0,-0.0,-0.0
2,22,42,LEEC_CT08_0,48,48,0.0,-0.0,-0.0,-0.0
2,22,43,LEES_CC01_1,177,391,391.0,1.0,0.0,0.0
2,22,44,LEES_CC01_2,177,391,391.0,1.0,0.0,0.0
2,22,45,LEES_UN03_0,45,173,0.0,0.0,0.0,0.0
2,22,46,LINC_CT01_0,98,98,0.0,0.0,-0.0,-0.0
2,22,47,LINC_CT02_0,99,99,0.0,0.0,-0.0,-0.0
2,22,48,LINC_CT03_0,99,99,0.0,0.0,-0.0,-0.0
2,22,49,LINC_CT04_0,98,98,0.0,0.0,-0.0,-0.0
2,22,50,LINC_CT05_0,97,97,0.0,0.0,-0.0,-0.0
2,22,51,LINC_CT06_0,97,97,0.0,0.0,-0.0,-0.0
2,22,52,LINC_CT07_0,98,98,0.0,0.0,-0.0,-0.0
2,22,53,LINC_CT08_0,98,98,0.0,0.0,-0.0,-0.0
2,22,54,LINC_CT09_0,97,97,0.0,0.0,-0.0,-0.0
2,22,55,LINC_CT10_0,98,98,0.0,0.0,-0.0,-0.0
2,22,56,LINC_CT11_0,98,98,0.0,0.0,-0.0,-0.0
2,22,57,LINC_CT12_0,98,98,0.0,0.0,-0.0,-0.0
2,22,58,LINC_CT13_0,98,98,0.0,0.0,-0.0,-0.0
2,22,59,LINC_CT14_0,97,97,0.0,0.0,-0.0,-0.0
2,22,60,LINC_CT15_0,98,98,0.0,0.0,-0.0,-0.0
2,22,61,LINC_CT16_0,97,97,0.0,0.0,-0.0,-0.0
2,22,62,LINC_CT17_0,98,98,0.0,0.0,-0.0,-0.0
2,22,63,MARD_UN01_0,140,380,0.0,0.0,0.0,0.0
2,22,64,MARD_UN02_0,140,380,0.0,0.0,0.0,0.0
2,22,65,MARD_UN03_0,270,658,0.0,0.0,0.0,0.0
2,22,66,MARD_UN04_0,270,660,0.0,0.0,0.0,0.0
2,22,67,MAYO_UN01_1,105,373,0.0,0.0,0.0,0.0
2,22,68,MAYO_UN01_2,45,373,0.0,0.0,0.0,0.0
2,22,69,MCGU_UN01_0,1199,1199,1199.0,1.0,0.0,0.0
2,22,70,MCGU_UN02_0,1187,1187,1187.0,1.0,0.0,0.0
2,22,71,MILL_CT01_0,92,92,0.0,0.0,-0.0,-0.0
2,22,72,MILL_CT02_0,92,92,0.0,0.0,-0.0,-0.0
2,22,73,MILL_CT03_0,92,92,0.0,0.0,-0.0,-0.0
2,22,74,MILL_CT04_0,92,92,0.0,0.0,-0.0,-0.0
2,22,75,MILL_CT05_0,90,90,0.0,0.0,-0.0,-0.0
2,22,76,MILL_CT06_0,92,92,0.0,0.0,-0.0,-0.0
2,22,77,MILL_CT07_0,92,92,0.0,0.0,-0.0,-0.0
2,22,78,MILL_CT08_0,93,93,0.0,0.0,-0.0,-0.0
2,22,79,MISC_CG01_0,0,0,0.0,0.0,0.0,0.0
2,22,80,NCAP_CT01_0,56,56,56.0,1.0,0.0,-0.0
2,22,81,NCAP_CT02_0,56,56,0.0,-0.0,1.0,-0.0
2,22,82,NCAP_CT03_0,56,56,0.0,-0.0,1.0,-0.0
2,22,83,NCAP_CT04_0,56,56,56.0,1.0,0.0,-0.0
2,22,84,NCAP_CT05_0,56,56,0.0,-0.0,1.0,-0.0
2,22,85,NCAP_CT06_0,56,56,56.0,1.0,0.0,-0.0
2,22,86,NCHP_CT01_0,56,56,0.0,0.0,0.0,0.0
2,22,87,NCHP_CT02_0,56,56,0.0,0.0,0.0,0.0
2,22,88,NCHP_CT03_0,56,56,0.0,0.0,1.0,-0.0
2,22,89,NCHP_CT04_0,56,56,0.0,0.0,0.0,0.0
2,22,90,NCHP_CT05_0,56,56,0.0,0.0,1.0,0.0
2,22,91,OCON_UN01_0,865,865,865.0,1.0,0.0,0.0
2,22,92,OCON_UN02_0,872,872,872.0,1.0,0.0,0.0
2,22,93,OCON_UN03_0,881,881,881.0,1.0,0.0,0.0
2,22,94,RCKN_CT01_0,133,179,0.0,0.0,0.0,-0.0
2,22,95,RCKN_CT02_0,133,179,0.0,-0.0,1.0,-0.0
2,22,96,RCKN_CT03_0,133,179,0.0,0.0,0.0,-0.0
2,22,97,RCKN_CT04_0,133,179,0.0,-0.0,1.0,-0.0
2,22,98,RCKN_CT05_0,133,179,0.0,0.0,0.0,-0.0
2,22,99,RCOG_CG01_0,0,0,0.0,0.0,0.0,0.0
2,22,100,RCOP_CC04_1,169,276,276.0,1.0,0.0,0.0
2,22,101,RCOP_CC04_2,179,277,277.0,1.0,0.0,0.0
2,22,102,RCOP_CC05_1,200,340,340.0,1.0,0.0,0.0
2,22,103,RCOP_CC05_2,225,340,340.0,1.0,0.0,0.0
2,22,104,RCOP_CT01_0,100,189,189.0,1.0,0.0,-0.0
2,22,105,RCOP_CT02_0,100,187,0.0,0.0,0.0,-0.0
2,22,106,RCOP_CT03_0,100,185,185.0,1.0,0.0,-0.0
2,22,107,RCOP_CT04_0,100,186,186.0,1.0,0.0,-0.0
2,22,108,RCOP_CT06_0,100,187,0.0,0.0,1.0,0.0
2,22,109,ROBN_UN02_0,797,797,797.0,1.0,0.0,0.0
2,22,110,ROWAN_CT02_0,70,192,0.0,0.0,0.0,-0.0
2,22,111,ROXB_UN01_0,70,380,0.0,0.0,0.0,0.0
2,22,112,ROXB_UN02_0,85,673,0.0,0.0,0.0,0.0
2,22,113,ROXB_UN03_1,68,349,0.0,0.0,0.0,0.0
2,22,114,ROXB_UN03_2,68,349,0.0,0.0,0.0,0.0
2,22,115,ROXB_UN04_1,125,355,0.0,0.0,0.0,0.0
2,22,116,ROXB_UN04_2,125,356,0.0,0.0,0.0,0.0
2,22,117,SCCP_CC01_1,180,359,359.0,1.0,0.0,0.0
2,22,118,SCCP_CC01_2,96,360,360.0,1.0,0.0,0.0
2,22,119,SOCO_CC01_1,48,48,48.0,1.0,0.0,0.0
2,22,120,SOCO_CC01_2,49,48,0.0,0.0,0.0,0.0
2,22,121,SOCO_CC01_3,48,48,48.0,1.0,0.0,0.0
2,22,122,SPRT_CG01_0,0,0,0.0,0.0,0.0,0.0
2,22,123,SUTT_CT01_0,15,49,0.0,-0.0,0.0,-0.0
2,22,124,SUTT_CT02_0,15,49,0.0,-0.0,0.0,-0.0
2,22,125,SUTT_CT04_0,15,49,0.0,-0.0,0.0,-0.0
2,22,126,SUTT_CT05_0,15,49,0.0,0.0,-0.0,-0.0
2,22,127,WCOP_CT10_0,70,192,0.0,-0.0,0.0,-0.0
2,22,128,WCOP_CT11_0,70,192,0.0,-0.0,0.0,-0.0
2,22,129,WCOP_CT12_0,100,193,0.0,-0.0,0.0,-0.0
2,22,130,WCOP_CT13_0,100,191,0.0,-0.0,0.0,-0.0
2,22,131,WCOP_CT14_0,100,195,0.0,-0.0,0.0,-0.0
2,22,132,WSPN_CT01_0,12,164,0.0,-0.0,0.0,-0.0
2,23,1,ALLE_UN01_0,85,167,0.0,0.0,0.0,0.0
2,23,2,ALLE_UN02_0,85,167,0.0,0.0,0.0,0.0
2,23,3,ALLE_UN03_0,140,270,0.0,0.0,0.0,0.0
2,23,4,ALLE_UN04_0,140,267,0.0,0.0,0.0,0.0
2,23,5,ALLE_UN05_0,140,259,0.0,0.0,0.0,0.0
2,23,6,ASHV_CT03_0,70,185,0.0,-0.0,0.0,-0.0
2,23,7,ASHV_CT03_1,70,185,69.99999999999997,1.0,-0.0,-0.0
2,23,8,ASHV_CT04_0,70,185,0.0,-0.0,0.0,-0.0
2,23,9,ASHV_CT04_1,70,185,69.99999999999997,1.0,-0.0,-0.0
2,23,10,BELE_UN01_0,300,1110,0.0,0.0,0.0,0.0
2,23,11,BELE_UN02_0,300,1110,0.0,0.0,0.0,0.0
2,23,12,BLEW_CT01_0,12,68,0.0,-0.0,0.0,-0.0
2,23,13,BRUN_UN01_0,975,975,975.0,1.0,0.0,0.0
2,23,14,BRUN_UN02_0,953,953,953.0,1.0,0.0,0.0
2,23,15,BRVR_CT01_0,100,178,0.0,-0.0,0.0,-0.0
2,23,16,BRVR_CT02_0,100,178,0.0,-0.0,0.0,-0.0
2,23,17,BRVR_CT03_0,100,178,0.0,-0.0,0.0,-0.0
2,23,18,BRVR_CT04_0,100,178,0.0,-0.0,0.0,-0.0
2,23,19,BRVR_CT05_0,100,178,0.0,-0.0,0.0,-0.0
2,23,20,BUCK_CC01_1,150,358,254.0,1.0,0.0,0.0
2,23,21,BUCK_CC01_2,105,358,358.0,1.0,-0.0,-0.0
2,23,22,CATA_UN01_0,1199,1199,1199.0,1.0,0.0,0.0
2,23,23,CATA_UN02_0,1180,1180,1180.0,1.0,0.0,0.0
2,23,24,CHER_CG01_0,86,86,86.0,1.0,0.0,0.0
2,23,25,CLEM_CT01_0,17,17,0.0,-0.0,-0.0,-0.0
2,23,26,CLEVL_CT04_1,150,358,254.0,1.0,0.0,0.0
2,23,27,CLIF_UN05_0,126,546,0.0,0.0,0.0,0.0
2,23,28,CLIF_UN06_0,310,844,0.0,0.0,0.0,0.0
2,23,29,DANR_CC01_1,150,359,301.0,1.0,0.0,0.0
2,23,30,DANR_CC01_2,150,359,359.0,1.0,0.0,0.0
2,23,31,DCEP_CT12_0,40,133,0.0,-0.0,0.0,-0.0
2,23,32,DCEP_CT13_0,40,133,0.0,-0.0,0.0,-0.0
2,23,33,FAYE_CC01_1,60,70,0.0,0.0,0.0,0.0
2,23,34,FAYE_CC01_2,60,70,0.0,0.0,0.0,0.0
2,23,35,FAYE_CC01_3,60,70,0.0,0.0,0.0,0.0
2,23,36,FAYE_CC01_4,40,49,0.0,0.0,0.0,0.0
2,23,37,HARR_UN01_0,980,980,980.0,1.0,0.0,0.0
2,23,38,LCCP_CC01_1,268,324,324.0,1.0,0.0,0.0
2,23,39,LCCP_CC01_2,60,341,341.0,1.0,0.0,0.0
2,23,40,LCCP_CC01_3,60,395,395.0,1.0,-0.0,-0.0
2,23,41,LEEC_CT07_0,48,48,0.0,-0.0,-0.0,-0.0
2,23,42,LEEC_CT08_0,48,48,0.0,-0.0,-0.0,-0.0
2,23,43,LEES_CC01_1,177,391,361.0,1.0,0.0,0.0
2,23,44,LEES_CC01_2,177,391,391.0,1.0,0.0,0.0
2,23,45,LEES_UN03_0,45,173,0.0,0.0,0.0,0.0
2,23,46,LINC_CT01_0,98,98,0.0,-0.0,-0.0,-0.0
2,23,47,LINC_CT02_0,99,99,0.0,-0.0,-0.0,-0.0
2,23,48,LINC_CT03_0,99,99,0.0,-0.0,-0.0,-0.0
2,23,49,LINC_CT04_0,98,98,0.0,-0.0,-0.0,-0.0
2,23,50,LINC_CT05_0,97,97,0.0,-0.0,-0.0,-0.0
2,23,51,LINC_CT06_0,97,97,0.0,-0.0,-0.0,-0.0
2,23,52,LINC_CT07_0,98,98,0.0,-0.0,-0.0,-0.0
2,23,53,LINC_CT08_0,98,98,0.0,-0.0,-0.0,-0.0
2,23,54,LINC_CT09_0,97,97,0.0,-0.0,-0.0,-0.0
2,23,55,LINC_CT10_0,98,98,0.0,-0.0,-0.0,-0.0
2,23,56,LINC_CT11_0,98,98,0.0,-0.0,-0.0,-0.0
2,23,57,LINC_CT12_0,98,98,0.0,-0.0,-0.0,-0.0
2,23,58,LINC_CT13_0,98,98,0.0,-0.0,-0.0,-0.0
2,23,59,LINC_CT14_0,97,97,0.0,-0.0,-0.0,-0.0
2,23,60,LINC_CT15_0,98,98,0.0,-0.0,-0.0,-0.0
2,23,61,LINC_CT16_0,97,97,0.0,-0.0,-0.0,-0.0
2,23,62,LINC_CT17_0,98,98,0.0,-0.0,-0.0,-0.0
2,23,63,MARD_UN01_0,140,380,0.0,0.0,0.0,0.0
2,23,64,MARD_UN02_0,140,380,0.0,0.0,0.0,0.0
2,23,65,MARD_UN03_0,270,658,0.0,0.0,0.0,0.0
2,23,66,MARD_UN04_0,270,660,0.0,0.0,0.0,0.0
2,23,67,MAYO_UN01_1,105,373,0.0,0.0,0.0,0.0
2,23,68,MAYO_UN01_2,45,373,0.0,0.0,0.0,0.0
2,23,69,MCGU_UN01_0,1199,1199,1199.0,1.0,0.0,0.0
2,23,70,MCGU_UN02_0,1187,1187,1187.0,1.0,0.0,0.0
2,23,71,MILL_CT01_0,92,92,0.0,-0.0,-0.0,-0.0
2,23,72,MILL_CT02_0,92,92,0.0,-0.0,-0.0,-0.0
2,23,73,MILL_CT03_0,92,92,0.0,-0.0,-0.0,-0.0
2,23,74,MILL_CT04_0,92,92,0.0,-0.0,-0.0,-0.0
2,23,75,MILL_CT05_0,90,90,0.0,-0.0,-0.0,-0.0
2,23,76,MILL_CT06_0,92,92,0.0,-0.0,-0.0,-0.0
2,23,77,MILL_CT07_0,92,92,0.0,-0.0,-0.0,-0.0
2,23,78,MILL_CT08_0,93,93,0.0,-0.0,-0.0,-0.0
2,23,79,MISC_CG01_0,0,0,0.0,0.0,0.0,0.0
2,23,80,NCAP_CT01_0,56,56,0.0,0.0,1.0,-0.0
2,23,81,NCAP_CT02_0,56,56,0.0,0.0,0.0,0.0
2,23,82,NCAP_CT03_0,56,56,0.0,0.0,0.0,0.0
2,23,83,NCAP_CT04_0,56,56,0.0,0.0,1.0,-0.0
2,23,84,NCAP_CT05_0,56,56,0.0,0.0,0.0,0.0
2,23,85,NCAP_CT06_0,56,56,0.0,0.0,1.0,-0.0
2,23,86,NCHP_CT01_0,56,56,0.0,-0.0,-0.0,-0.0
2,23,87,NCHP_CT02_0,56,56,0.0,0.0,-0.0,-0.0
2,23,88,NCHP_CT03_0,56,56,0.0,0.0,0.0,0.0
2,23,89,NCHP_CT04_0,56,56,0.0,0.0,-0.0,-0.0
2,23,90,NCHP_CT05_0,56,56,0.0,0.0,0.0,0.0
2,23,91,OCON_UN01_0,865,865,865.0,1.0,0.0,0.0
2,23,92,OCON_UN02_0,872,872,872.0,1.0,0.0,0.0
2,23,93,OCON_UN03_0,881,881,881.0,1.0,0.0,0.0
2,23,94,RCKN_CT01_0,133,179,0.0,-0.0,0.0,-0.0
2,23,95,RCKN_CT02_0,133,179,0.0,-0.0,0.0,-0.0
2,23,96,RCKN_CT03_0,133,179,0.0,-0.0,0.0,-0.0
2,23,97,RCKN_CT04_0,133,179,0.0,-0.0,0.0,-0.0
2,23,98,RCKN_CT05_0,133,179,0.0,-0.0,0.0,-0.0
2,23,99,RCOG_CG01_0,0,0,0.0,0.0,0.0,0.0
2,23,100,RCOP_CC04_1,169,276,256.0,1.0,0.0,0.0
2,23,101,RCOP_CC04_2,179,277,277.0,1.0,0.0,0.0
2,23,102,RCOP_CC05_1,200,340,340.0,1.0,0.0,0.0
2,23,103,RCOP_CC05_2,225,340,340.0,1.0,0.0,0.0
2,23,104,RCOP_CT01_0,100,189,0.0,-0.0,1.0,-0.0
2,23,105,RCOP_CT02_0,100,187,0.0,-0.0,0.0,-0.0
2,23,106,RCOP_CT03_0,100,185,0.0,-0.0,1.0,-0.0
2,23,107,RCOP_CT04_0,100,186,0.0,-0.0,1.0,-0.0
2,23,108,RCOP_CT06_0,100,187,0.0,0.0,0.0,0.0
2,23,109,ROBN_UN02_0,797,797,797.0,1.0,0.0,0.0
2,23,110,ROWAN_CT02_0,70,192,0.0,-0.0,0.0,-0.0
2,23,111,ROXB_UN01_0,70,380,0.0,0.0,0.0,0.0
2,23,112,ROXB_UN02_0,85,673,0.0,0.0,0.0,0.0
2,23,113,ROXB_UN03_1,68,349,0.0,0.0,0.0,0.0
2,23,114,ROXB_UN03_2,68,349,0.0,0.0,0.0,0.0
2,23,115,ROXB_UN04_1,125,355,0.0,0.0,0.0,0.0
2,23,116,ROXB_UN04_2,125,356,0.0,0.0,0.0,0.0
2,23,117,SCCP_CC01_1,180,359,359.0,1.0,0.0,0.0
2,23,118,SCCP_CC01_2,96,360,360.0,1.0,0.0,0.0
2,23,119,SOCO_CC01_1,48,48,48.0,1.0,0.0,0.0
2,23,120,SOCO_CC01_2,49,48,0.0,0.0,0.0,0.0
2,23,121,SOCO_CC01_3,48,48,48.0,1.0,0.0,0.0
2,23,122,SPRT_CG01_0,0,0,0.0,0.0,0.0,0.0
2,23,123,SUTT_CT01_0,15,49,0.0,-0.0,0.0,-0.0
2,23,124,SUTT_CT02_0,15,49,0.0,-0.0,0.0,-0.0
2,23,125,SUTT_CT04_0,15,49,0.0,-0.0,0.0,-0.0
2,23,126,SUTT_CT05_0,15,49,0.0,-0.0,0.0,-0.0
2,23,127,WCOP_CT10_0,70,192,0.0,-0.0,0.0,-0.0
2,23,128,WCOP_CT11_0,70,192,0.0,-0.0,0.0,-0.0
2,23,129,WCOP_CT12_0,100,193,0.0,-0.0,0.0,-0.0
2,23,130,WCOP_CT13_0,100,191,0.0,-0.0,0.0,-0.0
2,23,131,WCOP_CT14_0,100,195,0.0,-0.0,0.0,-0.0
2,23,132,WSPN_CT01_0,12,164,0.0,-0.0,0.0,-0.0
2,24,1,ALLE_UN01_0,85,167,0.0,0.0,0.0,0.0
2,24,2,ALLE_UN02_0,85,167,0.0,0.0,0.0,0.0
2,24,3,ALLE_UN03_0,140,270,0.0,0.0,0.0,0.0
2,24,4,ALLE_UN04_0,140,267,0.0,0.0,0.0,0.0
2,24,5,ALLE_UN05_0,140,259,0.0,0.0,0.0,0.0
2,24,6,ASHV_CT03_0,70,185,0.0,-0.0,0.0,-0.0
2,24,7,ASHV_CT03_1,70,185,69.99999999999997,1.0,-0.0,-0.0
2,24,8,ASHV_CT04_0,70,185,0.0,-0.0,0.0,-0.0
2,24,9,ASHV_CT04_1,70,185,69.99999999999997,1.0,-0.0,-0.0
2,24,10,BELE_UN01_0,300,1110,0.0,0.0,0.0,0.0
2,24,11,BELE_UN02_0,300,1110,0.0,0.0,0.0,0.0
2,24,12,BLEW_CT01_0,12,68,0.0,-0.0,0.0,-0.0
2,24,13,BRUN_UN01_0,975,975,975.0,1.0,0.0,0.0
2,24,14,BRUN_UN02_0,953,953,953.0,1.0,0.0,0.0
2,24,15,BRVR_CT01_0,100,178,0.0,-0.0,0.0,-0.0
2,24,16,BRVR_CT02_0,100,178,0.0,-0.0,0.0,-0.0
2,24,17,BRVR_CT03_0,100,178,0.0,-0.0,0.0,-0.0
2,24,18,BRVR_CT04_0,100,178,0.0,-0.0,0.0,-0.0
2,24,19,BRVR_CT05_0,100,178,0.0,-0.0,0.0,-0.0
2,24,20,BUCK_CC01_1,150,358,254.0,1.0,0.0,0.0
2,24,21,BUCK_CC01_2,105,358,358.0,1.0,-0.0,-0.0
2,24,22,CATA_UN01_0,1199,1199,1199.0,1.0,0.0,0.0
2,24,23,CATA_UN02_0,1180,1180,1180.0,1.0,0.0,0.0
2,24,24,CHER_CG01_0,86,86,86.0,1.0,0.0,0.0
2,24,25,CLEM_CT01_0,17,17,0.0,-0.0,-0.0,-0.0
2,24,26,CLEVL_CT04_1,150,358,254.0,1.0,0.0,0.0
2,24,27,CLIF_UN05_0,126,546,0.0,0.0,0.0,0.0
2,24,28,CLIF_UN06_0,310,844,0.0,0.0,0.0,0.0
2,24,29,DANR_CC01_1,150,359,254.0,1.0,0.0,0.0
2,24,30,DANR_CC01_2,150,359,359.0,1.0,0.0,0.0
2,24,31,DCEP_CT12_0,40,133,0.0,-0.0,0.0,-0.0
2,24,32,DCEP_CT13_0,40,133,0.0,-0.0,0.0,-0.0
2,24,33,FAYE_CC01_1,60,70,0.0,0.0,0.0,0.0
2,24,34,FAYE_CC01_2,60,70,0.0,0.0,0.0,0.0
2,24,35,FAYE_CC01_3,60,70,0.0,0.0,0.0,0.0
2,24,36,FAYE_CC01_4,40,49,0.0,0.0,0.0,0.0
2,24,37,HARR_UN01_0,980,980,980.0,1.0,0.0,0.0
2,24,38,LCCP_CC01_1,268,324,267.99999999999994,1.0,0.0,0.0
2,24,39,LCCP_CC01_2,60,341,165.0,1.0,0.0,0.0
2,24,40,LCCP_CC01_3,60,395,95.0,1.0,-0.0,-0.0
2,24,41,LEEC_CT07_0,48,48,0.0,-0.0,-0.0,-0.0
2,24,42,LEEC_CT08_0,48,48,0.0,-0.0,-0.0,-0.0
2,24,43,LEES_CC01_1,177,391,321.0,1.0,0.0,0.0
2,24,44,LEES_CC01_2,177,391,391.0,1.0,0.0,0.0
2,24,45,LEES_UN03_0,45,173,0.0,0.0,0.0,0.0
2,24,46,LINC_CT01_0,98,98,0.0,-0.0,-0.0,-0.0
2,24,47,LINC_CT02_0,99,99,0.0,-0.0,-0.0,-0.0
2,24,48,LINC_CT03_0,99,99,0.0,-0.0,-0.0,-0.0
2,24,49,LINC_CT04_0,98,98,0.0,-0.0,-0.0,-0.0
2,24,50,LINC_CT05_0,97,97,0.0,-0.0,-0.0,-0.0
2,24,51,LINC_CT06_0,97,97,0.0,-0.0,-0.0,-0.0
2,24,52,LINC_CT07_0,98,98,0.0,-0.0,-0.0,-0.0
2,24,53,LINC_CT08_0,98,98,0.0,-0.0,-0.0,-0.0
2,24,54,LINC_CT09_0,97,97,0.0,-0.0,-0.0,-0.0
2,24,55,LINC_CT10_0,98,98,0.0,-0.0,-0.0,-0.0
2,24,56,LINC_CT11_0,98,98,0.0,-0.0,-0.0,-0.0
2,24,57,LINC_CT12_0,98,98,0.0,-0.0,-0.0,-0.0
2,24,58,LINC_CT13_0,98,98,0.0,-0.0,-0.0,-0.0
2,24,59,LINC_CT14_0,97,97,0.0,-0.0,-0.0,-0.0
2,24,60,LINC_CT15_0,98,98,0.0,-0.0,-0.0,-0.0
2,24,61,LINC_CT16_0,97,97,0.0,-0.0,-0.0,-0.0
2,24,62,LINC_CT17_0,98,98,0.0,-0.0,-0.0,-0.0
2,24,63,MARD_UN01_0,140,380,0.0,0.0,0.0,0.0
2,24,64,MARD_UN02_0,140,380,0.0,0.0,0.0,0.0
2,24,65,MARD_UN03_0,270,658,0.0,0.0,0.0,0.0
2,24,66,MARD_UN04_0,270,660,0.0,0.0,0.0,0.0
2,24,67,MAYO_UN01_1,105,373,0.0,0.0,0.0,0.0
2,24,68,MAYO_UN01_2,45,373,0.0,0.0,0.0,0.0
2,24,69,MCGU_UN01_0,1199,1199,1199.0,1.0,0.0,0.0
2,24,70,MCGU_UN02_0,1187,1187,1187.0,1.0,0.0,0.0
2,24,71,MILL_CT01_0,92,92,0.0,-0.0,-0.0,-0.0
2,24,72,MILL_CT02_0,92,92,0.0,-0.0,-0.0,-0.0
2,24,73,MILL_CT03_0,92,92,0.0,-0.0,-0.0,-0.0
2,24,74,MILL_CT04_0,92,92,0.0,-0.0,-0.0,-0.0
2,24,75,MILL_CT05_0,90,90,0.0,-0.0,-0.0,-0.0
2,24,76,MILL_CT06_0,92,92,0.0,-0.0,-0.0,-0.0
2,24,77,MILL_CT07_0,92,92,0.0,-0.0,-0.0,-0.0
2,24,78,MILL_CT08_0,93,93,0.0,-0.0,-0.0,-0.0
2,24,79,MISC_CG01_0,0,0,0.0,0.0,0.0,0.0
2,24,80,NCAP_CT01_0,56,56,0.0,0.0,0.0,0.0
2,24,81,NCAP_CT02_0,56,56,0.0,0.0,-0.0,-0.0
2,24,82,NCAP_CT03_0,56,56,0.0,0.0,-0.0,-0.0
2,24,83,NCAP_CT04_0,56,56,0.0,0.0,0.0,0.0
2,24,84,NCAP_CT05_0,56,56,0.0,0.0,-0.0,-0.0
2,24,85,NCAP_CT06_0,56,56,0.0,0.0,0.0,0.0
2,24,86,NCHP_CT01_0,56,56,0.0,-0.0,-0.0,-0.0
2,24,87,NCHP_CT02_0,56,56,0.0,0.0,-0.0,-0.0
2,24,88,NCHP_CT03_0,56,56,0.0,-0.0,-0.0,-0.0
2,24,89,NCHP_CT04_0,56,56,0.0,0.0,-0.0,-0.0
2,24,90,NCHP_CT05_0,56,56,0.0,0.0,-0.0,-0.0
2,24,91,OCON_UN01_0,865,865,865.0,1.0,0.0,0.0
2,24,92,OCON_UN02_0,872,872,872.0,1.0,0.0,0.0
2,24,93,OCON_UN03_0,881,881,881.0,1.0,0.0,0.0
2,24,94,RCKN_CT01_0,133,179,0.0,-0.0,0.0,-0.0
2,24,95,RCKN_CT02_0,133,179,0.0,-0.0,0.0,-0.0
2,24,96,RCKN_CT03_0,133,179,0.0,-0.0,0.0,-0.0
2,24,97,RCKN_CT04_0,133,179,0.0,-0.0,0.0,-0.0
2,24,98,RCKN_CT05_0,133,179,0.0,-0.0,0.0,-0.0
2,24,99,RCOG_CG01_0,0,0,0.0,0.0,0.0,0.0
2,24,100,RCOP_CC04_1,169,276,198.0,1.0,0.0,0.0
2,24,101,RCOP_CC04_2,179,277,277.0,1.0,0.0,0.0
2,24,102,RCOP_CC05_1,200,340,270.0,1.0,0.0,0.0
2,24,103,RCOP_CC05_2,225,340,340.0,1.0,0.0,0.0
2,24,104,RCOP_CT01_0,100,189,0.0,0.0,0.0,0.0
2,24,105,RCOP_CT02_0,100,187,0.0,-0.0,0.0,-0.0
2,24,106,RCOP_CT03_0,100,185,0.0,0.0,0.0,0.0
2,24,107,RCOP_CT04_0,100,186,0.0,0.0,0.0,0.0
2,24,108,RCOP_CT06_0,100,187,0.0,0.0,0.0,0.0
2,24,109,ROBN_UN02_0,797,797,797.0,1.0,0.0,0.0
2,24,110,ROWAN_CT02_0,70,192,0.0,-0.0,0.0,-0.0
2,24,111,ROXB_UN01_0,70,380,0.0,0.0,0.0,0.0
2,24,112,ROXB_UN02_0,85,673,0.0,0.0,0.0,0.0
2,24,113,ROXB_UN03_1,68,349,0.0,0.0,0.0,0.0
2,24,114,ROXB_UN03_2,68,349,0.0,0.0,0.0,0.0
2,24,115,ROXB_UN04_1,125,355,0.0,0.0,0.0,0.0
2,24,116,ROXB_UN04_2,125,356,0.0,0.0,0.0,0.0
2,24,117,SCCP_CC01_1,180,359,179.99999999999994,1.0,0.0,0.0
2,24,118,SCCP_CC01_2,96,360,95.99999999999994,1.0,0.0,0.0
2,24,119,SOCO_CC01_1,48,48,48.0,1.0,0.0,0.0
2,24,120,SOCO_CC01_2,49,48,0.0,0.0,0.0,0.0
2,24,121,SOCO_CC01_3,48,48,48.0,1.0,0.0,0.0
2,24,122,SPRT_CG01_0,0,0,0.0,0.0,0.0,0.0
2,24,123,SUTT_CT01_0,15,49,0.0,-0.0,0.0,-0.0
2,24,124,SUTT_CT02_0,15,49,0.0,-0.0,0.0,-0.0
2,24,125,SUTT_CT04_0,15,49,0.0,-0.0,0.0,-0.0
2,24,126,SUTT_CT05_0,15,49,0.0,-0.0,0.0,-0.0
2,24,127,WCOP_CT10_0,70,192,0.0,-0.0,0.0,-0.0
2,24,128,WCOP_CT11_0,70,192,0.0,-0.0,0.0,-0.0
2,24,129,WCOP_CT12_0,100,193,0.0,-0.0,0.0,-0.0
2,24,130,WCOP_CT13_0,100,191,0.0,-0.0,0.0,-0.0
2,24,131,WCOP_CT14_0,100,195,0.0,-0.0,0.0,-0.0
2,24,132,WSPN_CT01_0,12,164,0.0,-0.0,0.0,-0.0
2,25,1,ALLE_UN01_0,85,167,0.0,0.0,0.0,0.0
2,25,2,ALLE_UN02_0,85,167,0.0,0.0,0.0,0.0
2,25,3,ALLE_UN03_0,140,270,0.0,0.0,0.0,0.0
2,25,4,ALLE_UN04_0,140,267,0.0,0.0,0.0,0.0
2,25,5,ALLE_UN05_0,140,259,0.0,0.0,0.0,0.0
2,25,6,ASHV_CT03_0,70,185,0.0,-0.0,0.0,-0.0
2,25,7,ASHV_CT03_1,70,185,69.99999999999997,1.0,-0.0,-0.0
2,25,8,ASHV_CT04_0,70,185,0.0,-0.0,0.0,-0.0
2,25,9,ASHV_CT04_1,70,185,69.99999999999997,1.0,-0.0,-0.0
2,25,10,BELE_UN01_0,300,1110,0.0,0.0,0.0,0.0
2,25,11,BELE_UN02_0,300,1110,0.0,0.0,0.0,0.0
2,25,12,BLEW_CT01_0,12,68,0.0,-0.0,0.0,-0.0
2,25,13,BRUN_UN01_0,975,975,975.0,1.0,0.0,0.0
2,25,14,BRUN_UN02_0,953,953,953.0,1.0,0.0,0.0
2,25,15,BRVR_CT01_0,100,178,0.0,-0.0,0.0,-0.0
2,25,16,BRVR_CT02_0,100,178,0.0,-0.0,0.0,-0.0
2,25,17,BRVR_CT03_0,100,178,0.0,-0.0,0.0,-0.0
2,25,18,BRVR_CT04_0,100,178,0.0,-0.0,0.0,-0.0
2,25,19,BRVR_CT05_0,100,178,0.0,-0.0,0.0,-0.0
2,25,20,BUCK_CC01_1,150,358,203.0,1.0,0.0,0.0
2,25,21,BUCK_CC01_2,105,358,358.0,1.0,-0.0,-0.0
2,25,22,CATA_UN01_0,1199,1199,1199.0,1.0,0.0,0.0
2,25,23,CATA_UN02_0,1180,1180,1180.0,1.0,0.0,0.0
2,25,24,CHER_CG01_0,86,86,86.0,1.0,0.0,0.0
2,25,25,CLEM_CT01_0,17,17,0.0,-0.0,-0.0,-0.0
2,25,26,CLEVL_CT04_1,150,358,202.0,1.0,0.0,0.0
2,25,27,CLIF_UN05_0,126,546,0.0,0.0,0.0,0.0
2,25,28,CLIF_UN06_0,310,844,0.0,0.0,0.0,0.0
2,25,29,DANR_CC01_1,150,359,254.0,1.0,0.0,0.0
2,25,30,DANR_CC01_2,150,359,300.0,1.0,0.0,0.0
2,25,31,DCEP_CT12_0,40,133,0.0,-0.0,0.0,-0.0
2,25,32,DCEP_CT13_0,40,133,0.0,-0.0,0.0,-0.0
2,25,33,FAYE_CC01_1,60,70,0.0,0.0,0.0,0.0
2,25,34,FAYE_CC01_2,60,70,0.0,0.0,0.0,0.0
2,25,35,FAYE_CC01_3,60,70,0.0,0.0,0.0,0.0
2,25,36,FAYE_CC01_4,40,49,0.0,0.0,0.0,0.0
2,25,37,HARR_UN01_0,980,980,980.0,1.0,0.0,0.0
2,25,38,LCCP_CC01_1,268,324,267.99999999999994,1.0,0.0,0.0
2,25,39,LCCP_CC01_2,60,341,59.99999999999994,1.0,0.0,0.0
2,25,40,LCCP_CC01_3,60,395,59.999999999999886,1.0,0.0,0.0
2,25,41,LEEC_CT07_0,48,48,0.0,-0.0,-0.0,-0.0
2,25,42,LEEC_CT08_0,48,48,0.0,-0.0,-0.0,-0.0
2,25,43,LEES_CC01_1,177,391,176.9999999999999,1.0,0.0,0.0
2,25,44,LEES_CC01_2,177,391,391.0,1.0,0.0,0.0
2,25,45,LEES_UN03_0,45,173,0.0,0.0,0.0,0.0
2,25,46,LINC_CT01_0,98,98,0.0,-0.0,-0.0,-0.0
2,25,47,LINC_CT02_0,99,99,0.0,-0.0,-0.0,-0.0
2,25,48,LINC_CT03_0,99,99,0.0,-0.0,-0.0,-0.0
2,25,49,LINC_CT04_0,98,98,0.0,-0.0,-0.0,-0.0
2,25,50,LINC_CT05_0,97,97,0.0,-0.0,-0.0,-0.0
2,25,51,LINC_CT06_0,97,97,0.0,-0.0,-0.0,-0.0
2,25,52,LINC_CT07_0,98,98,0.0,-0.0,-0.0,-0.0
2,25,53,LINC_CT08_0,98,98,0.0,-0.0,-0.0,-0.0
2,25,54,LINC_CT09_0,97,97,0.0,-0.0,-0.0,-0.0
2,25,55,LINC_CT10_0,98,98,0.0,-0.0,-0.0,-0.0
2,25,56,LINC_CT11_0,98,98,0.0,-0.0,-0.0,-0.0
2,25,57,LINC_CT12_0,98,98,0.0,-0.0,-0.0,-0.0
2,25,58,LINC_CT13_0,98,98,0.0,-0.0,-0.0,-0.0
2,25,59,LINC_CT14_0,97,97,0.0,-0.0,-0.0,-0.0
2,25,60,LINC_CT15_0,98,98,0.0,-0.0,-0.0,-0.0
2,25,61,LINC_CT16_0,97,97,0.0,-0.0,-0.0,-0.0
2,25,62,LINC_CT17_0,98,98,0.0,-0.0,-0.0,-0.0
2,25,63,MARD_UN01_0,140,380,0.0,0.0,0.0,0.0
2,25,64,MARD_UN02_0,140,380,0.0,0.0,0.0,0.0
2,25,65,MARD_UN03_0,270,658,0.0,0.0,0.0,0.0
2,25,66,MARD_UN04_0,270,660,0.0,0.0,0.0,0.0
2,25,67,MAYO_UN01_1,105,373,0.0,0.0,0.0,0.0
2,25,68,MAYO_UN01_2,45,373,0.0,0.0,0.0,0.0
2,25,69,MCGU_UN01_0,1199,1199,1199.0,1.0,0.0,0.0
2,25,70,MCGU_UN02_0,1187,1187,1187.0,1.0,0.0,0.0
2,25,71,MILL_CT01_0,92,92,0.0,-0.0,-0.0,-0.0
2,25,72,MILL_CT02_0,92,92,0.0,-0.0,-0.0,-0.0
2,25,73,MILL_CT03_0,92,92,0.0,-0.0,-0.0,-0.0
2,25,74,MILL_CT04_0,92,92,0.0,-0.0,-0.0,-0.0
2,25,75,MILL_CT05_0,90,90,0.0,-0.0,-0.0,-0.0
2,25,76,MILL_CT06_0,92,92,0.0,-0.0,-0.0,-0.0
2,25,77,MILL_CT07_0,92,92,0.0,-0.0,-0.0,-0.0
2,25,78,MILL_CT08_0,93,93,0.0,-0.0,-0.0,-0.0
2,25,79,MISC_CG01_0,0,0,0.0,0.0,0.0,0.0
2,25,80,NCAP_CT01_0,56,56,0.0,0.0,-0.0,-0.0
2,25,81,NCAP_CT02_0,56,56,0.0,0.0,-0.0,-0.0
2,25,82,NCAP_CT03_0,56,56,0.0,0.0,-0.0,-0.0
2,25,83,NCAP_CT04_0,56,56,0.0,0.0,-0.0,-0.0
2,25,84,NCAP_CT05_0,56,56,0.0,0.0,-0.0,-0.0
2,25,85,NCAP_CT06_0,56,56,0.0,0.0,-0.0,-0.0
2,25,86,NCHP_CT01_0,56,56,0.0,-0.0,-0.0,-0.0
2,25,87,NCHP_CT02_0,56,56,0.0,0.0,-0.0,-0.0
2,25,88,NCHP_CT03_0,56,56,0.0,-0.0,-0.0,-0.0
2,25,89,NCHP_CT04_0,56,56,0.0,0.0,-0.0,-0.0
2,25,90,NCHP_CT05_0,56,56,0.0,0.0,-0.0,-0.0
2,25,91,OCON_UN01_0,865,865,865.0,1.0,0.0,0.0
2,25,92,OCON_UN02_0,872,872,872.0,1.0,0.0,0.0
2,25,93,OCON_UN03_0,881,881,881.0,1.0,0.0,0.0
2,25,94,RCKN_CT01_0,133,179,0.0,-0.0,0.0,-0.0
2,25,95,RCKN_CT02_0,133,179,0.0,-0.0,0.0,-0.0
2,25,96,RCKN_CT03_0,133,179,0.0,-0.0,0.0,-0.0
2,25,97,RCKN_CT04_0,133,179,0.0,-0.0,0.0,-0.0
2,25,98,RCKN_CT05_0,133,179,0.0,-0.0,0.0,-0.0
2,25,99,RCOG_CG01_0,0,0,0.0,0.0,0.0,0.0
2,25,100,RCOP_CC04_1,169,276,168.99999999999994,1.0,0.0,0.0
2,25,101,RCOP_CC04_2,179,277,277.0,1.0,0.0,0.0
2,25,102,RCOP_CC05_1,200,340,235.0,1.0,0.0,0.0
2,25,103,RCOP_CC05_2,225,340,224.99999999999994,1.0,0.0,0.0
2,25,104,RCOP_CT01_0,100,189,0.0,0.0,0.0,0.0
2,25,105,RCOP_CT02_0,100,187,0.0,-0.0,0.0,-0.0
2,25,106,RCOP_CT03_0,100,185,0.0,0.0,0.0,0.0
2,25,107,RCOP_CT04_0,100,186,0.0,0.0,0.0,0.0
2,25,108,RCOP_CT06_0,100,187,0.0,0.0,0.0,0.0
2,25,109,ROBN_UN02_0,797,797,797.0,1.0,0.0,0.0
2,25,110,ROWAN_CT02_0,70,192,0.0,-0.0,0.0,-0.0
2,25,111,ROXB_UN01_0,70,380,0.0,0.0,0.0,0.0
2,25,112,ROXB_UN02_0,85,673,0.0,0.0,0.0,0.0
2,25,113,ROXB_UN03_1,68,349,0.0,0.0,0.0,0.0
2,25,114,ROXB_UN03_2,68,349,0.0,0.0,0.0,0.0
2,25,115,ROXB_UN04_1,125,355,0.0,0.0,0.0,0.0
2,25,116,ROXB_UN04_2,125,356,0.0,0.0,0.0,0.0
2,25,117,SCCP_CC01_1,180,359,179.99999999999994,1.0,0.0,0.0
2,25,118,SCCP_CC01_2,96,360,95.99999999999994,1.0,0.0,0.0
2,25,119,SOCO_CC01_1,48,48,48.0,1.0,0.0,0.0
2,25,120,SOCO_CC01_2,49,48,0.0,0.0,0.0,0.0
2,25,121,SOCO_CC01_3,48,48,48.0,1.0,0.0,0.0
2,25,122,SPRT_CG01_0,0,0,0.0,0.0,0.0,0.0
2,25,123,SUTT_CT01_0,15,49,0.0,-0.0,0.0,-0.0
2,25,124,SUTT_CT02_0,15,49,0.0,-0.0,0.0,-0.0
2,25,125,SUTT_CT04_0,15,49,0.0,-0.0,0.0,-0.0
2,25,126,SUTT_CT05_0,15,49,0.0,-0.0,0.0,-0.0
2,25,127,WCOP_CT10_0,70,192,0.0,-0.0,0.0,-0.0
2,25,128,WCOP_CT11_0,70,192,0.0,-0.0,0.0,-0.0
2,25,129,WCOP_CT12_0,100,193,0.0,-0.0,0.0,-0.0
2,25,130,WCOP_CT13_0,100,191,0.0,-0.0,0.0,-0.0
2,25,131,WCOP_CT14_0,100,195,0.0,-0.0,0.0,-0.0
2,25,132,WSPN_CT01_0,12,164,0.0,-0.0,0.0,-0.0
2,26,1,ALLE_UN01_0,85,167,0.0,0.0,0.0,0.0
2,26,2,ALLE_UN02_0,85,167,0.0,0.0,0.0,0.0
2,26,3,ALLE_UN03_0,140,270,0.0,0.0,0.0,0.0
2,26,4,ALLE_UN04_0,140,267,0.0,0.0,0.0,0.0
2,26,5,ALLE_UN05_0,140,259,0.0,0.0,0.0,0.0
2,26,6,ASHV_CT03_0,70,185,0.0,-0.0,0.0,-0.0
2,26,7,ASHV_CT03_1,70,185,69.99999999999997,1.0,-0.0,-0.0
2,26,8,ASHV_CT04_0,70,185,0.0,-0.0,0.0,-0.0
2,26,9,ASHV_CT04_1,70,185,69.99999999999997,1.0,-0.0,-0.0
2,26,10,BELE_UN01_0,300,1110,0.0,0.0,0.0,0.0
2,26,11,BELE_UN02_0,300,1110,0.0,0.0,0.0,0.0
2,26,12,BLEW_CT01_0,12,68,0.0,-0.0,0.0,-0.0
2,26,13,BRUN_UN01_0,975,975,975.0,1.0,0.0,0.0
2,26,14,BRUN_UN02_0,953,953,953.0,1.0,0.0,0.0
2,26,15,BRVR_CT01_0,100,178,0.0,-0.0,0.0,-0.0
2,26,16,BRVR_CT02_0,100,178,0.0,-0.0,0.0,-0.0
2,26,17,BRVR_CT03_0,100,178,0.0,-0.0,0.0,-0.0
2,26,18,BRVR_CT04_0,100,178,0.0,-0.0,0.0,-0.0
2,26,19,BRVR_CT05_0,100,178,0.0,-0.0,0.0,-0.0
2,26,20,BUCK_CC01_1,150,358,150.0,1.0,0.0,0.0
2,26,21,BUCK_CC01_2,105,358,300.0,1.0,-0.0,-0.0
2,26,22,CATA_UN01_0,1199,1199,1199.0,1.0,0.0,0.0
2,26,23,CATA_UN02_0,1180,1180,1180.0,1.0,0.0,0.0
2,26,24,CHER_CG01_0,86,86,86.0,1.0,0.0,0.0
2,26,25,CLEM_CT01_0,17,17,0.0,-0.0,-0.0,-0.0
2,26,26,CLEVL_CT04_1,150,358,150.0,1.0,0.0,0.0
2,26,27,CLIF_UN05_0,126,546,0.0,0.0,0.0,0.0
2,26,28,CLIF_UN06_0,310,844,0.0,0.0,0.0,0.0
2,26,29,DANR_CC01_1,150,359,150.0,1.0,0.0,0.0
2,26,30,DANR_CC01_2,150,359,300.0,1.0,0.0,0.0
2,26,31,DCEP_CT12_0,40,133,0.0,-0.0,0.0,-0.0
2,26,32,DCEP_CT13_0,40,133,0.0,-0.0,0.0,-0.0
2,26,33,FAYE_CC01_1,60,70,0.0,0.0,0.0,0.0
2,26,34,FAYE_CC01_2,60,70,0.0,0.0,0.0,0.0
2,26,35,FAYE_CC01_3,60,70,0.0,0.0,0.0,0.0
2,26,36,FAYE_CC01_4,40,49,0.0,0.0,0.0,0.0
2,26,37,HARR_UN01_0,980,980,980.0,1.0,0.0,0.0
2,26,38,LCCP_CC01_1,268,324,267.99999999999994,1.0,0.0,0.0
2,26,39,LCCP_CC01_2,60,341,59.99999999999994,1.0,0.0,0.0
2,26,40,LCCP_CC01_3,60,395,59.999999999999886,1.0,0.0,-0.0
2,26,41,LEEC_CT07_0,48,48,0.0,-0.0,-0.0,-0.0
2,26,42,LEEC_CT08_0,48,48,0.0,-0.0,-0.0,-0.0
2,26,43,LEES_CC01_1,177,391,176.9999999999999,1.0,0.0,0.0
2,26,44,LEES_CC01_2,177,391,379.0,1.0,0.0,0.0
2,26,45,LEES_UN03_0,45,173,0.0,0.0,0.0,0.0
2,26,46,LINC_CT01_0,98,98,0.0,-0.0,-0.0,-0.0
2,26,47,LINC_CT02_0,99,99,0.0,-0.0,-0.0,-0.0
2,26,48,LINC_CT03_0,99,99,0.0,-0.0,-0.0,-0.0
2,26,49,LINC_CT04_0,98,98,0.0,-0.0,-0.0,-0.0
2,26,50,LINC_CT05_0,97,97,0.0,-0.0,-0.0,-0.0
2,26,51,LINC_CT06_0,97,97,0.0,-0.0,-0.0,-0.0
2,26,52,LINC_CT07_0,98,98,0.0,-0.0,-0.0,-0.0
2,26,53,LINC_CT08_0,98,98,0.0,-0.0,-0.0,-0.0
2,26,54,LINC_CT09_0,97,97,0.0,-0.0,-0.0,-0.0
2,26,55,LINC_CT10_0,98,98,0.0,-0.0,-0.0,-0.0
2,26,56,LINC_CT11_0,98,98,0.0,-0.0,-0.0,-0.0
2,26,57,LINC_CT12_0,98,98,0.0,-0.0,-0.0,-0.0
2,26,58,LINC_CT13_0,98,98,0.0,-0.0,-0.0,-0.0
2,26,59,LINC_CT14_0,97,97,0.0,-0.0,-0.0,-0.0
2,26,60,LINC_CT15_0,98,98,0.0,-0.0,-0.0,-0.0
2,26,61,LINC_CT16_0,97,97,0.0,-0.0,-0.0,-0.0
2,26,62,LINC_CT17_0,98,98,0.0,-0.0,-0.0,-0.0
2,26,63,MARD_UN01_0,140,380,0.0,0.0,0.0,0.0
2,26,64,MARD_UN02_0,140,380,0.0,0.0,0.0,0.0
2,26,65,MARD_UN03_0,270,658,0.0,0.0,0.0,0.0
2,26,66,MARD_UN04_0,270,660,0.0,0.0,0.0,0.0
2,26,67,MAYO_UN01_1,105,373,0.0,0.0,0.0,0.0
2,26,68,MAYO_UN01_2,45,373,0.0,0.0,0.0,0.0
2,26,69,MCGU_UN01_0,1199,1199,1199.0,1.0,0.0,0.0
2,26,70,MCGU_UN02_0,1187,1187,1187.0,1.0,0.0,0.0
2,26,71,MILL_CT01_0,92,92,0.0,-0.0,-0.0,-0.0
2,26,72,MILL_CT02_0,92,92,0.0,-0.0,-0.0,-0.0
2,26,73,MILL_CT03_0,92,92,0.0,-0.0,-0.0,-0.0
2,26,74,MILL_CT04_0,92,92,0.0,-0.0,-0.0,-0.0
2,26,75,MILL_CT05_0,90,90,0.0,-0.0,-0.0,-0.0
2,26,76,MILL_CT06_0,92,92,0.0,-0.0,-0.0,-0.0
2,26,77,MILL_CT07_0,92,92,0.0,-0.0,-0.0,-0.0
2,26,78,MILL_CT08_0,93,93,0.0,-0.0,-0.0,-0.0
2,26,79,MISC_CG01_0,0,0,0.0,0.0,0.0,0.0
2,26,80,NCAP_CT01_0,56,56,0.0,0.0,-0.0,-0.0
2,26,81,NCAP_CT02_0,56,56,0.0,0.0,-0.0,-0.0
2,26,82,NCAP_CT03_0,56,56,0.0,0.0,-0.0,-0.0
2,26,83,NCAP_CT04_0,56,56,0.0,0.0,-0.0,-0.0
2,26,84,NCAP_CT05_0,56,56,0.0,0.0,-0.0,-0.0
2,26,85,NCAP_CT06_0,56,56,0.0,0.0,-0.0,-0.0
2,26,86,NCHP_CT01_0,56,56,0.0,-0.0,-0.0,-0.0
2,26,87,NCHP_CT02_0,56,56,0.0,0.0,-0.0,-0.0
2,26,88,NCHP_CT03_0,56,56,0.0,-0.0,-0.0,-0.0
2,26,89,NCHP_CT04_0,56,56,0.0,0.0,-0.0,-0.0
2,26,90,NCHP_CT05_0,56,56,0.0,0.0,-0.0,-0.0
2,26,91,OCON_UN01_0,865,865,865.0,1.0,0.0,0.0
2,26,92,OCON_UN02_0,872,872,872.0,1.0,0.0,0.0
2,26,93,OCON_UN03_0,881,881,881.0,1.0,0.0,0.0
2,26,94,RCKN_CT01_0,133,179,0.0,-0.0,0.0,-0.0
2,26,95,RCKN_CT02_0,133,179,0.0,-0.0,0.0,-0.0
2,26,96,RCKN_CT03_0,133,179,0.0,-0.0,0.0,-0.0
2,26,97,RCKN_CT04_0,133,179,0.0,-0.0,0.0,-0.0
2,26,98,RCKN_CT05_0,133,179,0.0,-0.0,0.0,-0.0
2,26,99,RCOG_CG01_0,0,0,0.0,0.0,0.0,0.0
2,26,100,RCOP_CC04_1,169,276,168.99999999999994,1.0,0.0,0.0
2,26,101,RCOP_CC04_2,179,277,178.99999999999994,1.0,0.0,0.0
2,26,102,RCOP_CC05_1,200,340,199.99999999999994,1.0,0.0,0.0
2,26,103,RCOP_CC05_2,225,340,224.99999999999994,1.0,0.0,0.0
2,26,104,RCOP_CT01_0,100,189,0.0,0.0,0.0,0.0
2,26,105,RCOP_CT02_0,100,187,0.0,-0.0,0.0,-0.0
2,26,106,RCOP_CT03_0,100,185,0.0,0.0,0.0,0.0
2,26,107,RCOP_CT04_0,100,186,0.0,0.0,0.0,0.0
2,26,108,RCOP_CT06_0,100,187,0.0,-0.0,0.0,-0.0
2,26,109,ROBN_UN02_0,797,797,797.0,1.0,0.0,0.0
2,26,110,ROWAN_CT02_0,70,192,0.0,-0.0,0.0,-0.0
2,26,111,ROXB_UN01_0,70,380,0.0,0.0,0.0,0.0
2,26,112,ROXB_UN02_0,85,673,0.0,0.0,0.0,0.0
2,26,113,ROXB_UN03_1,68,349,0.0,0.0,0.0,0.0
2,26,114,ROXB_UN03_2,68,349,0.0,0.0,0.0,0.0
2,26,115,ROXB_UN04_1,125,355,0.0,0.0,0.0,0.0
2,26,116,ROXB_UN04_2,125,356,0.0,0.0,0.0,0.0
2,26,117,SCCP_CC01_1,180,359,179.99999999999994,1.0,0.0,0.0
2,26,118,SCCP_CC01_2,96,360,95.99999999999994,1.0,0.0,0.0
2,26,119,SOCO_CC01_1,48,48,48.0,1.0,0.0,0.0
2,26,120,SOCO_CC01_2,49,48,0.0,0.0,0.0,0.0
2,26,121,SOCO_CC01_3,48,48,48.0,1.0,0.0,0.0
2,26,122,SPRT_CG01_0,0,0,0.0,0.0,0.0,0.0
2,26,123,SUTT_CT01_0,15,49,0.0,-0.0,0.0,-0.0
2,26,124,SUTT_CT02_0,15,49,0.0,-0.0,0.0,-0.0
2,26,125,SUTT_CT04_0,15,49,0.0,-0.0,0.0,-0.0
2,26,126,SUTT_CT05_0,15,49,0.0,-0.0,0.0,-0.0
2,26,127,WCOP_CT10_0,70,192,0.0,-0.0,0.0,-0.0
2,26,128,WCOP_CT11_0,70,192,0.0,-0.0,0.0,-0.0
2,26,129,WCOP_CT12_0,100,193,0.0,-0.0,0.0,-0.0
2,26,130,WCOP_CT13_0,100,191,0.0,-0.0,0.0,-0.0
2,26,131,WCOP_CT14_0,100,195,0.0,-0.0,0.0,-0.0
2,26,132,WSPN_CT01_0,12,164,0.0,-0.0,0.0,-0.0
2,27,1,ALLE_UN01_0,85,167,0.0,0.0,0.0,0.0
2,27,2,ALLE_UN02_0,85,167,0.0,0.0,0.0,0.0
2,27,3,ALLE_UN03_0,140,270,0.0,0.0,0.0,0.0
2,27,4,ALLE_UN04_0,140,267,0.0,0.0,0.0,0.0
2,27,5,ALLE_UN05_0,140,259,0.0,0.0,0.0,0.0
2,27,6,ASHV_CT03_0,70,185,0.0,0.0,0.0,0.0
2,27,7,ASHV_CT03_1,70,185,70.0,1.0,0.0,0.0
2,27,8,ASHV_CT04_0,70,185,0.0,0.0,0.0,0.0
2,27,9,ASHV_CT04_1,70,185,70.0,1.0,0.0,0.0
2,27,10,BELE_UN01_0,300,1110,0.0,0.0,0.0,0.0
2,27,11,BELE_UN02_0,300,1110,0.0,0.0,0.0,0.0
2,27,12,BLEW_CT01_0,12,68,0.0,0.0,0.0,0.0
2,27,13,BRUN_UN01_0,975,975,975.0,1.0,0.0,0.0
2,27,14,BRUN_UN02_0,953,953,953.0,1.0,0.0,0.0
2,27,15,BRVR_CT01_0,100,178,0.0,0.0,0.0,0.0
2,27,16,BRVR_CT02_0,100,178,0.0,0.0,0.0,0.0
2,27,17,BRVR_CT03_0,100,178,0.0,0.0,0.0,0.0
2,27,18,BRVR_CT04_0,100,178,0.0,0.0,0.0,0.0
2,27,19,BRVR_CT05_0,100,178,0.0,0.0,0.0,0.0
2,27,20,BUCK_CC01_1,150,358,150.0,1.0,0.0,0.0
2,27,21,BUCK_CC01_2,105,358,300.0,1.0,0.0,0.0
2,27,22,CATA_UN01_0,1199,1199,1199.0,1.0,0.0,0.0
2,27,23,CATA_UN02_0,1180,1180,1180.0,1.0,0.0,0.0
2,27,24,CHER_CG01_0,86,86,86.0,1.0,0.0,0.0
2,27,25,CLEM_CT01_0,17,17,0.0,0.0,0.0,0.0
2,27,26,CLEVL_CT04_1,150,358,150.0,1.0,0.0,0.0
2,27,27,CLIF_UN05_0,126,546,0.0,0.0,0.0,0.0
2,27,28,CLIF_UN06_0,310,844,0.0,0.0,0.0,0.0
2,27,29,DANR_CC01_1,150,359,149.99999999999994,1.0,0.0,0.0
2,27,30,DANR_CC01_2,150,359,300.0,1.0,0.0,0.0
2,27,31,DCEP_CT12_0,40,133,0.0,0.0,0.0,0.0
2,27,32,DCEP_CT13_0,40,133,0.0,0.0,0.0,0.0
2,27,33,FAYE_CC01_1,60,70,0.0,0.0,0.0,0.0
2,27,34,FAYE_CC01_2,60,70,0.0,0.0,0.0,0.0
2,27,35,FAYE_CC01_3,60,70,0.0,0.0,0.0,0.0
2,27,36,FAYE_CC01_4,40,49,0.0,0.0,0.0,0.0
2,27,37,HARR_UN01_0,980,980,980.0,1.0,0.0,0.0
2,27,38,LCCP_CC01_1,268,324,267.99999999999994,1.0,0.0,0.0
2,27,39,LCCP_CC01_2,60,341,59.99999999999994,1.0,0.0,0.0
2,27,40,LCCP_CC01_3,60,395,59.999999999999886,1.0,0.0,0.0
2,27,41,LEEC_CT07_0,48,48,0.0,0.0,0.0,0.0
2,27,42,LEEC_CT08_0,48,48,0.0,0.0,0.0,0.0
2,27,43,LEES_CC01_1,177,391,176.9999999999999,1.0,0.0,0.0
2,27,44,LEES_CC01_2,177,391,203.0,1.0,0.0,0.0
2,27,45,LEES_UN03_0,45,173,0.0,0.0,0.0,0.0
2,27,46,LINC_CT01_0,98,98,0.0,0.0,0.0,0.0
2,27,47,LINC_CT02_0,99,99,0.0,0.0,0.0,0.0
2,27,48,LINC_CT03_0,99,99,0.0,0.0,0.0,0.0
2,27,49,LINC_CT04_0,98,98,0.0,0.0,0.0,0.0
2,27,50,LINC_CT05_0,97,97,0.0,0.0,0.0,0.0
2,27,51,LINC_CT06_0,97,97,0.0,0.0,0.0,0.0
2,27,52,LINC_CT07_0,98,98,0.0,0.0,0.0,0.0
2,27,53,LINC_CT08_0,98,98,0.0,0.0,0.0,0.0
2,27,54,LINC_CT09_0,97,97,0.0,0.0,0.0,0.0
2,27,55,LINC_CT10_0,98,98,0.0,0.0,0.0,0.0
2,27,56,LINC_CT11_0,98,98,0.0,0.0,0.0,0.0
2,27,57,LINC_CT12_0,98,98,0.0,0.0,0.0,0.0
2,27,58,LINC_CT13_0,98,98,0.0,0.0,0.0,0.0
2,27,59,LINC_CT14_0,97,97,0.0,0.0,0.0,0.0
2,27,60,LINC_CT15_0,98,98,0.0,0.0,0.0,0.0
2,27,61,LINC_CT16_0,97,97,0.0,0.0,0.0,0.0
2,27,62,LINC_CT17_0,98,98,0.0,0.0,0.0,0.0
2,27,63,MARD_UN01_0,140,380,0.0,0.0,0.0,0.0
2,27,64,MARD_UN02_0,140,380,0.0,0.0,0.0,0.0
2,27,65,MARD_UN03_0,270,658,0.0,0.0,0.0,0.0
2,27,66,MARD_UN04_0,270,660,0.0,0.0,0.0,0.0
2,27,67,MAYO_UN01_1,105,373,0.0,0.0,0.0,0.0
2,27,68,MAYO_UN01_2,45,373,0.0,0.0,0.0,0.0
2,27,69,MCGU_UN01_0,1199,1199,1199.0,1.0,0.0,0.0
2,27,70,MCGU_UN02_0,1187,1187,1187.0,1.0,0.0,0.0
2,27,71,MILL_CT01_0,92,92,0.0,0.0,0.0,0.0
2,27,72,MILL_CT02_0,92,92,0.0,0.0,0.0,0.0
2,27,73,MILL_CT03_0,92,92,0.0,0.0,0.0,0.0
2,27,74,MILL_CT04_0,92,92,0.0,0.0,0.0,0.0
2,27,75,MILL_CT05_0,90,90,0.0,0.0,0.0,0.0
2,27,76,MILL_CT06_0,92,92,0.0,0.0,0.0,0.0
2,27,77,MILL_CT07_0,92,92,0.0,0.0,0.0,0.0
2,27,78,MILL_CT08_0,93,93,0.0,0.0,0.0,0.0
2,27,79,MISC_CG01_0,0,0,0.0,0.0,0.0,0.0
2,27,80,NCAP_CT01_0,56,56,0.0,0.0,0.0,0.0
2,27,81,NCAP_CT02_0,56,56,0.0,0.0,0.0,0.0
2,27,82,NCAP_CT03_0,56,56,0.0,0.0,0.0,0.0
2,27,83,NCAP_CT04_0,56,56,0.0,0.0,0.0,0.0
2,27,84,NCAP_CT05_0,56,56,0.0,0.0,0.0,0.0
2,27,85,NCAP_CT06_0,56,56,0.0,0.0,0.0,0.0
2,27,86,NCHP_CT01_0,56,56,0.0,0.0,0.0,0.0
2,27,87,NCHP_CT02_0,56,56,0.0,0.0,0.0,0.0
2,27,88,NCHP_CT03_0,56,56,0.0,0.0,0.0,0.0
2,27,89,NCHP_CT04_0,56,56,0.0,0.0,0.0,0.0
2,27,90,NCHP_CT05_0,56,56,0.0,0.0,0.0,0.0
2,27,91,OCON_UN01_0,865,865,865.0,1.0,0.0,0.0
2,27,92,OCON_UN02_0,872,872,872.0,1.0,0.0,0.0
2,27,93,OCON_UN03_0,881,881,881.0,1.0,0.0,0.0
2,27,94,RCKN_CT01_0,133,179,0.0,0.0,0.0,0.0
2,27,95,RCKN_CT02_0,133,179,0.0,0.0,0.0,0.0
2,27,96,RCKN_CT03_0,133,179,0.0,0.0,0.0,0.0
2,27,97,RCKN_CT04_0,133,179,0.0,0.0,0.0,0.0
2,27,98,RCKN_CT05_0,133,179,0.0,0.0,0.0,0.0
2,27,99,RCOG_CG01_0,0,0,0.0,0.0,0.0,0.0
2,27,100,RCOP_CC04_1,169,276,168.99999999999994,1.0,0.0,0.0
2,27,101,RCOP_CC04_2,179,277,178.99999999999994,1.0,0.0,0.0
2,27,102,RCOP_CC05_1,200,340,199.99999999999994,1.0,0.0,0.0
2,27,103,RCOP_CC05_2,225,340,224.99999999999994,1.0,0.0,0.0
2,27,104,RCOP_CT01_0,100,189,0.0,0.0,0.0,0.0
2,27,105,RCOP_CT02_0,100,187,0.0,0.0,0.0,0.0
2,27,106,RCOP_CT03_0,100,185,0.0,0.0,0.0,0.0
2,27,107,RCOP_CT04_0,100,186,0.0,0.0,0.0,0.0
2,27,108,RCOP_CT06_0,100,187,0.0,0.0,0.0,0.0
2,27,109,ROBN_UN02_0,797,797,797.0,1.0,0.0,0.0
2,27,110,ROWAN_CT02_0,70,192,0.0,0.0,0.0,0.0
2,27,111,ROXB_UN01_0,70,380,0.0,0.0,0.0,0.0
2,27,112,ROXB_UN02_0,85,673,0.0,0.0,0.0,0.0
2,27,113,ROXB_UN03_1,68,349,0.0,0.0,0.0,0.0
2,27,114,ROXB_UN03_2,68,349,0.0,0.0,0.0,0.0
2,27,115,ROXB_UN04_1,125,355,0.0,0.0,0.0,0.0
2,27,116,ROXB_UN04_2,125,356,0.0,0.0,0.0,0.0
2,27,117,SCCP_CC01_1,180,359,179.99999999999994,1.0,0.0,0.0
2,27,118,SCCP_CC01_2,96,360,95.99999999999994,1.0,0.0,0.0
2,27,119,SOCO_CC01_1,48,48,48.0,1.0,0.0,0.0
2,27,120,SOCO_CC01_2,49,48,0.0,0.0,0.0,0.0
2,27,121,SOCO_CC01_3,48,48,48.0,1.0,0.0,0.0
2,27,122,SPRT_CG01_0,0,0,0.0,0.0,0.0,0.0
2,27,123,SUTT_CT01_0,15,49,0.0,0.0,0.0,0.0
2,27,124,SUTT_CT02_0,15,49,0.0,0.0,0.0,0.0
2,27,125,SUTT_CT04_0,15,49,0.0,0.0,0.0,0.0
2,27,126,SUTT_CT05_0,15,49,0.0,0.0,0.0,0.0
2,27,127,WCOP_CT10_0,70,192,0.0,0.0,0.0,0.0
2,27,128,WCOP_CT11_0,70,192,0.0,0.0,0.0,0.0
2,27,129,WCOP_CT12_0,100,193,0.0,0.0,0.0,0.0
2,27,130,WCOP_CT13_0,100,191,0.0,0.0,0.0,0.0
2,27,131,WCOP_CT14_0,100,195,0.0,0.0,0.0,0.0
2,27,132,WSPN_CT01_0,12,164,0.0,0.0,0.0,0.0
2,28,1,ALLE_UN01_0,85,167,0.0,0.0,0.0,0.0
2,28,2,ALLE_UN02_0,85,167,0.0,0.0,0.0,0.0
2,28,3,ALLE_UN03_0,140,270,0.0,0.0,0.0,0.0
2,28,4,ALLE_UN04_0,140,267,0.0,0.0,0.0,0.0
2,28,5,ALLE_UN05_0,140,259,0.0,0.0,0.0,0.0
2,28,6,ASHV_CT03_0,70,185,0.0,0.0,0.0,0.0
2,28,7,ASHV_CT03_1,70,185,70.0,1.0,0.0,0.0
2,28,8,ASHV_CT04_0,70,185,0.0,0.0,0.0,0.0
2,28,9,ASHV_CT04_1,70,185,70.0,1.0,0.0,0.0
2,28,10,BELE_UN01_0,300,1110,0.0,0.0,0.0,0.0
2,28,11,BELE_UN02_0,300,1110,0.0,0.0,0.0,0.0
2,28,12,BLEW_CT01_0,12,68,0.0,0.0,0.0,0.0
2,28,13,BRUN_UN01_0,975,975,975.0,1.0,0.0,0.0
2,28,14,BRUN_UN02_0,953,953,953.0,1.0,0.0,0.0
2,28,15,BRVR_CT01_0,100,178,0.0,0.0,0.0,0.0
2,28,16,BRVR_CT02_0,100,178,0.0,0.0,0.0,0.0
2,28,17,BRVR_CT03_0,100,178,0.0,0.0,0.0,0.0
2,28,18,BRVR_CT04_0,100,178,0.0,0.0,0.0,0.0
2,28,19,BRVR_CT05_0,100,178,0.0,0.0,0.0,0.0
2,28,20,BUCK_CC01_1,150,358,150.0,1.0,0.0,0.0
2,28,21,BUCK_CC01_2,105,358,300.0,1.0,0.0,0.0
2,28,22,CATA_UN01_0,1199,1199,1199.0,1.0,0.0,0.0
2,28,23,CATA_UN02_0,1180,1180,1180.0,1.0,0.0,0.0
2,28,24,CHER_CG01_0,86,86,86.0,1.0,0.0,0.0
2,28,25,CLEM_CT01_0,17,17,0.0,0.0,0.0,0.0
2,28,26,CLEVL_CT04_1,150,358,150.0,1.0,0.0,0.0
2,28,27,CLIF_UN05_0,126,546,0.0,0.0,0.0,0.0
2,28,28,CLIF_UN06_0,310,844,0.0,0.0,0.0,0.0
2,28,29,DANR_CC01_1,150,359,150.0,1.0,0.0,0.0
2,28,30,DANR_CC01_2,150,359,300.0,1.0,0.0,0.0
2,28,31,DCEP_CT12_0,40,133,0.0,0.0,0.0,0.0
2,28,32,DCEP_CT13_0,40,133,0.0,0.0,0.0,0.0
2,28,33,FAYE_CC01_1,60,70,0.0,0.0,0.0,0.0
2,28,34,FAYE_CC01_2,60,70,0.0,0.0,0.0,0.0
2,28,35,FAYE_CC01_3,60,70,0.0,0.0,0.0,0.0
2,28,36,FAYE_CC01_4,40,49,0.0,0.0,0.0,0.0
2,28,37,HARR_UN01_0,980,980,980.0,1.0,0.0,0.0
2,28,38,LCCP_CC01_1,268,324,267.99999999999994,1.0,0.0,0.0
2,28,39,LCCP_CC01_2,60,341,59.99999999999994,1.0,0.0,0.0
2,28,40,LCCP_CC01_3,60,395,59.999999999999886,1.0,0.0,0.0
2,28,41,LEEC_CT07_0,48,48,0.0,0.0,0.0,0.0
2,28,42,LEEC_CT08_0,48,48,0.0,0.0,0.0,0.0
2,28,43,LEES_CC01_1,177,391,176.9999999999999,1.0,0.0,0.0
2,28,44,LEES_CC01_2,177,391,296.0,1.0,0.0,0.0
2,28,45,LEES_UN03_0,45,173,0.0,0.0,0.0,0.0
2,28,46,LINC_CT01_0,98,98,0.0,0.0,0.0,0.0
2,28,47,LINC_CT02_0,99,99,0.0,0.0,0.0,0.0
2,28,48,LINC_CT03_0,99,99,0.0,0.0,0.0,0.0
2,28,49,LINC_CT04_0,98,98,0.0,0.0,0.0,0.0
2,28,50,LINC_CT05_0,97,97,0.0,0.0,0.0,0.0
2,28,51,LINC_CT06_0,97,97,0.0,0.0,0.0,0.0
2,28,52,LINC_CT07_0,98,98,0.0,0.0,0.0,0.0
2,28,53,LINC_CT08_0,98,98,0.0,0.0,0.0,0.0
2,28,54,LINC_CT09_0,97,97,0.0,0.0,0.0,0.0
2,28,55,LINC_CT10_0,98,98,0.0,0.0,0.0,0.0
2,28,56,LINC_CT11_0,98,98,0.0,0.0,0.0,0.0
2,28,57,LINC_CT12_0,98,98,0.0,0.0,0.0,0.0
2,28,58,LINC_CT13_0,98,98,0.0,0.0,0.0,0.0
2,28,59,LINC_CT14_0,97,97,0.0,0.0,0.0,0.0
2,28,60,LINC_CT15_0,98,98,0.0,0.0,0.0,0.0
2,28,61,LINC_CT16_0,97,97,0.0,0.0,0.0,0.0
2,28,62,LINC_CT17_0,98,98,0.0,0.0,0.0,0.0
2,28,63,MARD_UN01_0,140,380,0.0,0.0,0.0,0.0
2,28,64,MARD_UN02_0,140,380,0.0,0.0,0.0,0.0
2,28,65,MARD_UN03_0,270,658,0.0,0.0,0.0,0.0
2,28,66,MARD_UN04_0,270,660,0.0,0.0,0.0,0.0
2,28,67,MAYO_UN01_1,105,373,0.0,0.0,0.0,0.0
2,28,68,MAYO_UN01_2,45,373,0.0,0.0,0.0,0.0
2,28,69,MCGU_UN01_0,1199,1199,1199.0,1.0,0.0,0.0
2,28,70,MCGU_UN02_0,1187,1187,1187.0,1.0,0.0,0.0
2,28,71,MILL_CT01_0,92,92,0.0,0.0,0.0,0.0
2,28,72,MILL_CT02_0,92,92,0.0,0.0,0.0,0.0
2,28,73,MILL_CT03_0,92,92,0.0,0.0,0.0,0.0
2,28,74,MILL_CT04_0,92,92,0.0,0.0,0.0,0.0
2,28,75,MILL_CT05_0,90,90,0.0,0.0,0.0,0.0
2,28,76,MILL_CT06_0,92,92,0.0,0.0,0.0,0.0
2,28,77,MILL_CT07_0,92,92,0.0,0.0,0.0,0.0
2,28,78,MILL_CT08_0,93,93,0.0,0.0,0.0,0.0
2,28,79,MISC_CG01_0,0,0,0.0,0.0,0.0,0.0
2,28,80,NCAP_CT01_0,56,56,0.0,0.0,0.0,0.0
2,28,81,NCAP_CT02_0,56,56,0.0,0.0,0.0,0.0
2,28,82,NCAP_CT03_0,56,56,0.0,0.0,0.0,0.0
2,28,83,NCAP_CT04_0,56,56,0.0,0.0,0.0,0.0
2,28,84,NCAP_CT05_0,56,56,0.0,0.0,0.0,0.0
2,28,85,NCAP_CT06_0,56,56,0.0,0.0,0.0,0.0
2,28,86,NCHP_CT01_0,56,56,0.0,0.0,0.0,0.0
2,28,87,NCHP_CT02_0,56,56,0.0,0.0,0.0,0.0
2,28,88,NCHP_CT03_0,56,56,0.0,0.0,0.0,0.0
2,28,89,NCHP_CT04_0,56,56,0.0,0.0,0.0,0.0
2,28,90,NCHP_CT05_0,56,56,0.0,0.0,0.0,0.0
2,28,91,OCON_UN01_0,865,865,865.0,1.0,0.0,0.0
2,28,92,OCON_UN02_0,872,872,872.0,1.0,0.0,0.0
2,28,93,OCON_UN03_0,881,881,881.0,1.0,0.0,0.0
2,28,94,RCKN_CT01_0,133,179,0.0,0.0,0.0,0.0
2,28,95,RCKN_CT02_0,133,179,0.0,0.0,0.0,0.0
2,28,96,RCKN_CT03_0,133,179,0.0,0.0,0.0,0.0
2,28,97,RCKN_CT04_0,133,179,0.0,0.0,0.0,0.0
2,28,98,RCKN_CT05_0,133,179,0.0,0.0,0.0,0.0
2,28,99,RCOG_CG01_0,0,0,0.0,0.0,0.0,0.0
2,28,100,RCOP_CC04_1,169,276,168.99999999999994,1.0,0.0,0.0
2,28,101,RCOP_CC04_2,179,277,178.99999999999994,1.0,0.0,0.0
2,28,102,RCOP_CC05_1,200,340,199.99999999999994,1.0,0.0,0.0
2,28,103,RCOP_CC05_2,225,340,224.99999999999994,1.0,0.0,0.0
2,28,104,RCOP_CT01_0,100,189,0.0,0.0,0.0,0.0
2,28,105,RCOP_CT02_0,100,187,0.0,0.0,0.0,0.0
2,28,106,RCOP_CT03_0,100,185,0.0,0.0,0.0,0.0
2,28,107,RCOP_CT04_0,100,186,0.0,0.0,0.0,0.0
2,28,108,RCOP_CT06_0,100,187,0.0,0.0,0.0,0.0
2,28,109,ROBN_UN02_0,797,797,797.0,1.0,0.0,0.0
2,28,110,ROWAN_CT02_0,70,192,0.0,0.0,0.0,0.0
2,28,111,ROXB_UN01_0,70,380,0.0,0.0,0.0,0.0
2,28,112,ROXB_UN02_0,85,673,0.0,0.0,0.0,0.0
2,28,113,ROXB_UN03_1,68,349,0.0,0.0,0.0,0.0
2,28,114,ROXB_UN03_2,68,349,0.0,0.0,0.0,0.0
2,28,115,ROXB_UN04_1,125,355,0.0,0.0,0.0,0.0
2,28,116,ROXB_UN04_2,125,356,0.0,0.0,0.0,0.0
2,28,117,SCCP_CC01_1,180,359,179.99999999999994,1.0,0.0,0.0
2,28,118,SCCP_CC01_2,96,360,95.99999999999994,1.0,0.0,0.0
2,28,119,SOCO_CC01_1,48,48,48.0,1.0,0.0,0.0
2,28,120,SOCO_CC01_2,49,48,0.0,0.0,0.0,0.0
2,28,121,SOCO_CC01_3,48,48,48.0,1.0,0.0,0.0
2,28,122,SPRT_CG01_0,0,0,0.0,0.0,0.0,0.0
2,28,123,SUTT_CT01_0,15,49,0.0,0.0,0.0,0.0
2,28,124,SUTT_CT02_0,15,49,0.0,0.0,0.0,0.0
2,28,125,SUTT_CT04_0,15,49,0.0,0.0,0.0,0.0
2,28,126,SUTT_CT05_0,15,49,0.0,0.0,0.0,0.0
2,28,127,WCOP_CT10_0,70,192,0.0,0.0,0.0,0.0
2,28,128,WCOP_CT11_0,70,192,0.0,0.0,0.0,0.0
2,28,129,WCOP_CT12_0,100,193,0.0,0.0,0.0,0.0
2,28,130,WCOP_CT13_0,100,191,0.0,0.0,0.0,0.0
2,28,131,WCOP_CT14_0,100,195,0.0,0.0,0.0,0.0
2,28,132,WSPN_CT01_0,12,164,0.0,0.0,0.0,0.0
2,29,1,ALLE_UN01_0,85,167,0.0,0.0,0.0,0.0
2,29,2,ALLE_UN02_0,85,167,0.0,0.0,0.0,0.0
2,29,3,ALLE_UN03_0,140,270,0.0,0.0,0.0,0.0
2,29,4,ALLE_UN04_0,140,267,0.0,0.0,0.0,0.0
2,29,5,ALLE_UN05_0,140,259,0.0,0.0,0.0,0.0
2,29,6,ASHV_CT03_0,70,185,0.0,-0.0,0.0,-0.0
2,29,7,ASHV_CT03_1,70,185,70.0,1.0,-0.0,-0.0
2,29,8,ASHV_CT04_0,70,185,0.0,-0.0,0.0,-0.0
2,29,9,ASHV_CT04_1,70,185,70.0,1.0,-0.0,-0.0
2,29,10,BELE_UN01_0,300,1110,0.0,0.0,0.0,0.0
2,29,11,BELE_UN02_0,300,1110,0.0,0.0,0.0,0.0
2,29,12,BLEW_CT01_0,12,68,0.0,-0.0,0.0,-0.0
2,29,13,BRUN_UN01_0,975,975,975.0,1.0,0.0,0.0
2,29,14,BRUN_UN02_0,953,953,953.0,1.0,0.0,0.0
2,29,15,BRVR_CT01_0,100,178,0.0,-0.0,0.0,-0.0
2,29,16,BRVR_CT02_0,100,178,0.0,-0.0,0.0,-0.0
2,29,17,BRVR_CT03_0,100,178,0.0,-0.0,0.0,-0.0
2,29,18,BRVR_CT04_0,100,178,0.0,-0.0,0.0,-0.0
2,29,19,BRVR_CT05_0,100,178,0.0,-0.0,0.0,-0.0
2,29,20,BUCK_CC01_1,150,358,202.0,1.0,0.0,0.0
2,29,21,BUCK_CC01_2,105,358,358.0,1.0,0.0,0.0
2,29,22,CATA_UN01_0,1199,1199,1199.0,1.0,0.0,0.0
2,29,23,CATA_UN02_0,1180,1180,1180.0,1.0,0.0,0.0
2,29,24,CHER_CG01_0,86,86,86.0,1.0,0.0,0.0
2,29,25,CLEM_CT01_0,17,17,0.0,-0.0,-0.0,-0.0
2,29,26,CLEVL_CT04_1,150,358,202.0,1.0,0.0,0.0
2,29,27,CLIF_UN05_0,126,546,0.0,0.0,0.0,0.0
2,29,28,CLIF_UN06_0,310,844,0.0,0.0,0.0,0.0
2,29,29,DANR_CC01_1,150,359,202.0,1.0,0.0,0.0
2,29,30,DANR_CC01_2,150,359,300.0,1.0,0.0,0.0
2,29,31,DCEP_CT12_0,40,133,0.0,-0.0,0.0,-0.0
2,29,32,DCEP_CT13_0,40,133,0.0,-0.0,0.0,-0.0
2,29,33,FAYE_CC01_1,60,70,0.0,0.0,0.0,0.0
2,29,34,FAYE_CC01_2,60,70,0.0,0.0,0.0,0.0
2,29,35,FAYE_CC01_3,60,70,0.0,0.0,0.0,0.0
2,29,36,FAYE_CC01_4,40,49,0.0,0.0,0.0,0.0
2,29,37,HARR_UN01_0,980,980,980.0,1.0,0.0,0.0
2,29,38,LCCP_CC01_1,268,324,267.99999999999994,1.0,0.0,0.0
2,29,39,LCCP_CC01_2,60,341,59.99999999999994,1.0,0.0,0.0
2,29,40,LCCP_CC01_3,60,395,59.999999999999886,1.0,0.0,-0.0
2,29,41,LEEC_CT07_0,48,48,0.0,-0.0,-0.0,-0.0
2,29,42,LEEC_CT08_0,48,48,0.0,-0.0,-0.0,-0.0
2,29,43,LEES_CC01_1,177,391,176.9999999999999,1.0,0.0,0.0
2,29,44,LEES_CC01_2,177,391,391.0,1.0,0.0,0.0
2,29,45,LEES_UN03_0,45,173,0.0,0.0,0.0,0.0
2,29,46,LINC_CT01_0,98,98,0.0,-0.0,-0.0,-0.0
2,29,47,LINC_CT02_0,99,99,0.0,-0.0,-0.0,-0.0
2,29,48,LINC_CT03_0,99,99,0.0,-0.0,-0.0,-0.0
2,29,49,LINC_CT04_0,98,98,0.0,-0.0,-0.0,-0.0
2,29,50,LINC_CT05_0,97,97,0.0,-0.0,-0.0,-0.0
2,29,51,LINC_CT06_0,97,97,0.0,-0.0,-0.0,-0.0
2,29,52,LINC_CT07_0,98,98,0.0,-0.0,-0.0,-0.0
2,29,53,LINC_CT08_0,98,98,0.0,-0.0,-0.0,-0.0
2,29,54,LINC_CT09_0,97,97,0.0,-0.0,-0.0,-0.0
2,29,55,LINC_CT10_0,98,98,0.0,-0.0,-0.0,-0.0
2,29,56,LINC_CT11_0,98,98,0.0,-0.0,-0.0,-0.0
2,29,57,LINC_CT12_0,98,98,0.0,-0.0,-0.0,-0.0
2,29,58,LINC_CT13_0,98,98,0.0,-0.0,-0.0,-0.0
2,29,59,LINC_CT14_0,97,97,0.0,-0.0,-0.0,-0.0
2,29,60,LINC_CT15_0,98,98,0.0,-0.0,-0.0,-0.0
2,29,61,LINC_CT16_0,97,97,0.0,-0.0,-0.0,-0.0
2,29,62,LINC_CT17_0,98,98,0.0,-0.0,-0.0,-0.0
2,29,63,MARD_UN01_0,140,380,0.0,0.0,0.0,0.0
2,29,64,MARD_UN02_0,140,380,0.0,0.0,0.0,0.0
2,29,65,MARD_UN03_0,270,658,0.0,0.0,0.0,0.0
2,29,66,MARD_UN04_0,270,660,0.0,0.0,0.0,0.0
2,29,67,MAYO_UN01_1,105,373,0.0,0.0,0.0,0.0
2,29,68,MAYO_UN01_2,45,373,0.0,0.0,0.0,0.0
2,29,69,MCGU_UN01_0,1199,1199,1199.0,1.0,0.0,0.0
2,29,70,MCGU_UN02_0,1187,1187,1187.0,1.0,0.0,0.0
2,29,71,MILL_CT01_0,92,92,0.0,-0.0,-0.0,-0.0
2,29,72,MILL_CT02_0,92,92,0.0,-0.0,-0.0,-0.0
2,29,73,MILL_CT03_0,92,92,0.0,-0.0,-0.0,-0.0
2,29,74,MILL_CT04_0,92,92,0.0,-0.0,-0.0,-0.0
2,29,75,MILL_CT05_0,90,90,0.0,-0.0,-0.0,-0.0
2,29,76,MILL_CT06_0,92,92,0.0,-0.0,-0.0,-0.0
2,29,77,MILL_CT07_0,92,92,0.0,-0.0,-0.0,-0.0
2,29,78,MILL_CT08_0,93,93,0.0,-0.0,-0.0,-0.0
2,29,79,MISC_CG01_0,0,0,0.0,0.0,0.0,0.0
2,29,80,NCAP_CT01_0,56,56,0.0,0.0,-0.0,-0.0
2,29,81,NCAP_CT02_0,56,56,0.0,0.0,-0.0,-0.0
2,29,82,NCAP_CT03_0,56,56,0.0,0.0,-0.0,-0.0
2,29,83,NCAP_CT04_0,56,56,0.0,0.0,-0.0,-0.0
2,29,84,NCAP_CT05_0,56,56,0.0,0.0,-0.0,-0.0
2,29,85,NCAP_CT06_0,56,56,0.0,0.0,-0.0,-0.0
2,29,86,NCHP_CT01_0,56,56,0.0,-0.0,-0.0,-0.0
2,29,87,NCHP_CT02_0,56,56,0.0,0.0,-0.0,-0.0
2,29,88,NCHP_CT03_0,56,56,0.0,-0.0,-0.0,-0.0
2,29,89,NCHP_CT04_0,56,56,0.0,0.0,-0.0,-0.0
2,29,90,NCHP_CT05_0,56,56,0.0,0.0,-0.0,-0.0
2,29,91,OCON_UN01_0,865,865,865.0,1.0,0.0,0.0
2,29,92,OCON_UN02_0,872,872,872.0,1.0,0.0,0.0
2,29,93,OCON_UN03_0,881,881,881.0,1.0,0.0,0.0
2,29,94,RCKN_CT01_0,133,179,0.0,-0.0,0.0,-0.0
2,29,95,RCKN_CT02_0,133,179,0.0,-0.0,0.0,-0.0
2,29,96,RCKN_CT03_0,133,179,0.0,-0.0,0.0,-0.0
2,29,97,RCKN_CT04_0,133,179,0.0,-0.0,0.0,-0.0
2,29,98,RCKN_CT05_0,133,179,0.0,-0.0,0.0,-0.0
2,29,99,RCOG_CG01_0,0,0,0.0,0.0,0.0,0.0
2,29,100,RCOP_CC04_1,169,276,168.99999999999994,1.0,0.0,0.0
2,29,101,RCOP_CC04_2,179,277,190.0,1.0,0.0,0.0
2,29,102,RCOP_CC05_1,200,340,199.99999999999994,1.0,0.0,0.0
2,29,103,RCOP_CC05_2,225,340,224.99999999999994,1.0,0.0,0.0
2,29,104,RCOP_CT01_0,100,189,0.0,-0.0,0.0,-0.0
2,29,105,RCOP_CT02_0,100,187,0.0,-0.0,0.0,-0.0
2,29,106,RCOP_CT03_0,100,185,0.0,-0.0,0.0,-0.0
2,29,107,RCOP_CT04_0,100,186,0.0,-0.0,0.0,-0.0
2,29,108,RCOP_CT06_0,100,187,0.0,-0.0,0.0,-0.0
2,29,109,ROBN_UN02_0,797,797,797.0,1.0,0.0,0.0
2,29,110,ROWAN_CT02_0,70,192,0.0,-0.0,0.0,-0.0
2,29,111,ROXB_UN01_0,70,380,0.0,0.0,0.0,0.0
2,29,112,ROXB_UN02_0,85,673,0.0,0.0,0.0,0.0
2,29,113,ROXB_UN03_1,68,349,0.0,0.0,0.0,0.0
2,29,114,ROXB_UN03_2,68,349,0.0,0.0,0.0,0.0
2,29,115,ROXB_UN04_1,125,355,0.0,0.0,0.0,0.0
2,29,116,ROXB_UN04_2,125,356,0.0,0.0,0.0,0.0
2,29,117,SCCP_CC01_1,180,359,179.99999999999994,1.0,0.0,0.0
2,29,118,SCCP_CC01_2,96,360,95.99999999999994,1.0,0.0,0.0
2,29,119,SOCO_CC01_1,48,48,48.0,1.0,0.0,0.0
2,29,120,SOCO_CC01_2,49,48,0.0,0.0,0.0,0.0
2,29,121,SOCO_CC01_3,48,48,48.0,1.0,0.0,0.0
2,29,122,SPRT_CG01_0,0,0,0.0,0.0,0.0,0.0
2,29,123,SUTT_CT01_0,15,49,0.0,-0.0,0.0,-0.0
2,29,124,SUTT_CT02_0,15,49,0.0,-0.0,0.0,-0.0
2,29,125,SUTT_CT04_0,15,49,0.0,-0.0,0.0,-0.0
2,29,126,SUTT_CT05_0,15,49,0.0,-0.0,0.0,-0.0
2,29,127,WCOP_CT10_0,70,192,0.0,-0.0,0.0,-0.0
2,29,128,WCOP_CT11_0,70,192,0.0,-0.0,0.0,-0.0
2,29,129,WCOP_CT12_0,100,193,0.0,-0.0,0.0,-0.0
2,29,130,WCOP_CT13_0,100,191,0.0,-0.0,0.0,-0.0
2,29,131,WCOP_CT14_0,100,195,0.0,-0.0,0.0,-0.0
2,29,132,WSPN_CT01_0,12,164,0.0,-0.0,0.0,-0.0
2,30,1,ALLE_UN01_0,85,167,0.0,0.0,0.0,0.0
2,30,2,ALLE_UN02_0,85,167,0.0,0.0,0.0,0.0
2,30,3,ALLE_UN03_0,140,270,0.0,0.0,0.0,0.0
2,30,4,ALLE_UN04_0,140,267,0.0,0.0,0.0,0.0
2,30,5,ALLE_UN05_0,140,259,0.0,0.0,0.0,0.0
2,30,6,ASHV_CT03_0,70,185,0.0,0.0,0.0,0.0
2,30,7,ASHV_CT03_1,70,185,70.0,1.0,0.0,0.0
2,30,8,ASHV_CT04_0,70,185,0.0,0.0,0.0,0.0
2,30,9,ASHV_CT04_1,70,185,70.0,1.0,0.0,0.0
2,30,10,BELE_UN01_0,300,1110,0.0,0.0,0.0,0.0
2,30,11,BELE_UN02_0,300,1110,0.0,0.0,0.0,0.0
2,30,12,BLEW_CT01_0,12,68,0.0,0.0,0.0,0.0
2,30,13,BRUN_UN01_0,975,975,975.0,1.0,0.0,0.0
2,30,14,BRUN_UN02_0,953,953,953.0,1.0,0.0,0.0
2,30,15,BRVR_CT01_0,100,178,0.0,0.0,0.0,0.0
2,30,16,BRVR_CT02_0,100,178,0.0,0.0,0.0,0.0
2,30,17,BRVR_CT03_0,100,178,0.0,0.0,0.0,0.0
2,30,18,BRVR_CT04_0,100,178,0.0,0.0,0.0,0.0
2,30,19,BRVR_CT05_0,100,178,0.0,0.0,0.0,0.0
2,30,20,BUCK_CC01_1,150,358,254.0,1.0,0.0,0.0
2,30,21,BUCK_CC01_2,105,358,358.0,1.0,0.0,0.0
2,30,22,CATA_UN01_0,1199,1199,1199.0,1.0,0.0,0.0
2,30,23,CATA_UN02_0,1180,1180,1180.0,1.0,0.0,0.0
2,30,24,CHER_CG01_0,86,86,86.0,1.0,0.0,0.0
2,30,25,CLEM_CT01_0,17,17,0.0,0.0,0.0,0.0
2,30,26,CLEVL_CT04_1,150,358,254.0,1.0,0.0,0.0
2,30,27,CLIF_UN05_0,126,546,0.0,0.0,0.0,0.0
2,30,28,CLIF_UN06_0,310,844,0.0,0.0,0.0,0.0
2,30,29,DANR_CC01_1,150,359,254.0,1.0,0.0,0.0
2,30,30,DANR_CC01_2,150,359,359.0,1.0,0.0,0.0
2,30,31,DCEP_CT12_0,40,133,0.0,0.0,0.0,0.0
2,30,32,DCEP_CT13_0,40,133,0.0,0.0,0.0,0.0
2,30,33,FAYE_CC01_1,60,70,0.0,0.0,0.0,0.0
2,30,34,FAYE_CC01_2,60,70,0.0,0.0,0.0,0.0
2,30,35,FAYE_CC01_3,60,70,0.0,0.0,0.0,0.0
2,30,36,FAYE_CC01_4,40,49,0.0,0.0,0.0,0.0
2,30,37,HARR_UN01_0,980,980,980.0,1.0,0.0,0.0
2,30,38,LCCP_CC01_1,268,324,267.99999999999994,1.0,0.0,0.0
2,30,39,LCCP_CC01_2,60,341,330.0,1.0,0.0,0.0
2,30,40,LCCP_CC01_3,60,395,59.999999999999886,1.0,0.0,0.0
2,30,41,LEEC_CT07_0,48,48,0.0,0.0,0.0,0.0
2,30,42,LEEC_CT08_0,48,48,0.0,0.0,0.0,0.0
2,30,43,LEES_CC01_1,177,391,346.0,1.0,0.0,0.0
2,30,44,LEES_CC01_2,177,391,391.0,1.0,0.0,0.0
2,30,45,LEES_UN03_0,45,173,0.0,0.0,0.0,0.0
2,30,46,LINC_CT01_0,98,98,0.0,0.0,0.0,0.0
2,30,47,LINC_CT02_0,99,99,0.0,0.0,0.0,0.0
2,30,48,LINC_CT03_0,99,99,0.0,0.0,0.0,0.0
2,30,49,LINC_CT04_0,98,98,0.0,0.0,0.0,0.0
2,30,50,LINC_CT05_0,97,97,0.0,0.0,0.0,0.0
2,30,51,LINC_CT06_0,97,97,0.0,0.0,0.0,0.0
2,30,52,LINC_CT07_0,98,98,0.0,0.0,0.0,0.0
2,30,53,LINC_CT08_0,98,98,0.0,0.0,0.0,0.0
2,30,54,LINC_CT09_0,97,97,0.0,0.0,0.0,0.0
2,30,55,LINC_CT10_0,98,98,0.0,0.0,0.0,0.0
2,30,56,LINC_CT11_0,98,98,0.0,0.0,0.0,0.0
2,30,57,LINC_CT12_0,98,98,0.0,0.0,0.0,0.0
2,30,58,LINC_CT13_0,98,98,0.0,0.0,0.0,0.0
2,30,59,LINC_CT14_0,97,97,0.0,0.0,0.0,0.0
2,30,60,LINC_CT15_0,98,98,0.0,0.0,0.0,0.0
2,30,61,LINC_CT16_0,97,97,0.0,0.0,0.0,0.0
2,30,62,LINC_CT17_0,98,98,0.0,0.0,0.0,0.0
2,30,63,MARD_UN01_0,140,380,0.0,0.0,0.0,0.0
2,30,64,MARD_UN02_0,140,380,0.0,0.0,0.0,0.0
2,30,65,MARD_UN03_0,270,658,0.0,0.0,0.0,0.0
2,30,66,MARD_UN04_0,270,660,0.0,0.0,0.0,0.0
2,30,67,MAYO_UN01_1,105,373,0.0,0.0,0.0,0.0
2,30,68,MAYO_UN01_2,45,373,0.0,0.0,0.0,0.0
2,30,69,MCGU_UN01_0,1199,1199,1199.0,1.0,0.0,0.0
2,30,70,MCGU_UN02_0,1187,1187,1187.0,1.0,0.0,0.0
2,30,71,MILL_CT01_0,92,92,0.0,0.0,0.0,0.0
2,30,72,MILL_CT02_0,92,92,0.0,0.0,0.0,0.0
2,30,73,MILL_CT03_0,92,92,0.0,0.0,0.0,0.0
2,30,74,MILL_CT04_0,92,92,0.0,0.0,0.0,0.0
2,30,75,MILL_CT05_0,90,90,0.0,0.0,0.0,0.0
2,30,76,MILL_CT06_0,92,92,0.0,0.0,0.0,0.0
2,30,77,MILL_CT07_0,92,92,0.0,0.0,0.0,0.0
2,30,78,MILL_CT08_0,93,93,0.0,0.0,0.0,0.0
2,30,79,MISC_CG01_0,0,0,0.0,0.0,0.0,0.0
2,30,80,NCAP_CT01_0,56,56,0.0,0.0,0.0,0.0
2,30,81,NCAP_CT02_0,56,56,0.0,0.0,0.0,0.0
2,30,82,NCAP_CT03_0,56,56,0.0,0.0,0.0,0.0
2,30,83,NCAP_CT04_0,56,56,0.0,0.0,0.0,0.0
2,30,84,NCAP_CT05_0,56,56,0.0,0.0,0.0,0.0
2,30,85,NCAP_CT06_0,56,56,0.0,0.0,0.0,0.0
2,30,86,NCHP_CT01_0,56,56,0.0,0.0,0.0,0.0
2,30,87,NCHP_CT02_0,56,56,0.0,0.0,0.0,0.0
2,30,88,NCHP_CT03_0,56,56,0.0,0.0,0.0,0.0
2,30,89,NCHP_CT04_0,56,56,0.0,0.0,0.0,0.0
2,30,90,NCHP_CT05_0,56,56,0.0,0.0,0.0,0.0
2,30,91,OCON_UN01_0,865,865,865.0,1.0,0.0,0.0
2,30,92,OCON_UN02_0,872,872,872.0,1.0,0.0,0.0
2,30,93,OCON_UN03_0,881,881,881.0,1.0,0.0,0.0
2,30,94,RCKN_CT01_0,133,179,0.0,0.0,0.0,0.0
2,30,95,RCKN_CT02_0,133,179,0.0,0.0,0.0,0.0
2,30,96,RCKN_CT03_0,133,179,0.0,0.0,0.0,0.0
2,30,97,RCKN_CT04_0,133,179,0.0,0.0,0.0,0.0
2,30,98,RCKN_CT05_0,133,179,0.0,0.0,0.0,0.0
2,30,99,RCOG_CG01_0,0,0,0.0,0.0,0.0,0.0
2,30,100,RCOP_CC04_1,169,276,227.0,1.0,0.0,0.0
2,30,101,RCOP_CC04_2,179,277,277.0,1.0,0.0,0.0
2,30,102,RCOP_CC05_1,200,340,301.0,1.0,0.0,0.0
2,30,103,RCOP_CC05_2,225,340,340.0,1.0,0.0,0.0
2,30,104,RCOP_CT01_0,100,189,0.0,0.0,0.0,0.0
2,30,105,RCOP_CT02_0,100,187,0.0,0.0,0.0,0.0
2,30,106,RCOP_CT03_0,100,185,0.0,0.0,0.0,0.0
2,30,107,RCOP_CT04_0,100,186,0.0,0.0,0.0,0.0
2,30,108,RCOP_CT06_0,100,187,0.0,0.0,0.0,0.0
2,30,109,ROBN_UN02_0,797,797,797.0,1.0,0.0,0.0
2,30,110,ROWAN_CT02_0,70,192,0.0,0.0,0.0,0.0
2,30,111,ROXB_UN01_0,70,380,0.0,0.0,0.0,0.0
2,30,112,ROXB_UN02_0,85,673,0.0,0.0,0.0,0.0
2,30,113,ROXB_UN03_1,68,349,0.0,0.0,0.0,0.0
2,30,114,ROXB_UN03_2,68,349,0.0,0.0,0.0,0.0
2,30,115,ROXB_UN04_1,125,355,0.0,0.0,0.0,0.0
2,30,116,ROXB_UN04_2,125,356,0.0,0.0,0.0,0.0
2,30,117,SCCP_CC01_1,180,359,179.99999999999994,1.0,0.0,0.0
2,30,118,SCCP_CC01_2,96,360,249.0,1.0,0.0,0.0
2,30,119,SOCO_CC01_1,48,48,48.0,1.0,0.0,0.0
2,30,120,SOCO_CC01_2,49,48,0.0,0.0,0.0,0.0
2,30,121,SOCO_CC01_3,48,48,48.0,1.0,0.0,0.0
2,30,122,SPRT_CG01_0,0,0,0.0,0.0,0.0,0.0
2,30,123,SUTT_CT01_0,15,49,0.0,0.0,0.0,0.0
2,30,124,SUTT_CT02_0,15,49,0.0,0.0,0.0,0.0
2,30,125,SUTT_CT04_0,15,49,0.0,0.0,0.0,0.0
2,30,126,SUTT_CT05_0,15,49,0.0,0.0,0.0,0.0
2,30,127,WCOP_CT10_0,70,192,0.0,0.0,0.0,0.0
2,30,128,WCOP_CT11_0,70,192,0.0,0.0,0.0,0.0
2,30,129,WCOP_CT12_0,100,193,0.0,0.0,0.0,0.0
2,30,130,WCOP_CT13_0,100,191,0.0,0.0,0.0,0.0
2,30,131,WCOP_CT14_0,100,195,0.0,0.0,0.0,0.0
2,30,132,WSPN_CT01_0,12,164,0.0,0.0,0.0,0.0
